ID,DHSCLUST,goes_out,neglect_children,Urgues,Refuse_sex,Burns_Food,Overall
1,1,0,0,0,0,0,0
2,1,1,1,1,1,0,1
3,1,0,0,0,0,0,0
4,1,0,0,0,0,0,0
5,1,0,0,0,0,0,0
6,1,0,0,0,0,0,0
7,1,0,0,0,0,0,0
8,1,0,0,0,0,0,0
9,1,0,1,0,,1,1
10,1,0,0,0,0,0,0
11,2,0,0,0,0,0,0
12,2,0,0,0,0,0,0
13,2,0,0,0,0,0,0
14,2,,1,1,0,0,1
15,2,0,0,0,0,0,0
16,2,0,0,0,0,0,0
17,2,0,0,0,0,0,0
18,2,0,0,0,0,0,0
19,2,0,0,0,0,0,0
20,2,0,0,0,0,0,0
21,2,0,0,0,0,0,0
22,2,0,0,0,0,0,0
23,2,0,0,0,0,0,0
24,3,0,0,0,0,0,0
25,3,0,0,0,0,0,0
26,3,0,0,0,0,0,0
27,3,0,0,0,0,0,0
28,3,0,0,0,0,0,0
29,3,0,0,0,0,0,0
30,3,0,0,0,0,0,0
31,3,0,0,0,0,0,0
32,3,0,0,0,0,0,0
33,3,0,0,0,0,0,0
34,3,0,0,0,0,0,0
35,3,0,0,0,0,0,0
36,3,0,0,0,0,0,0
37,3,0,0,0,0,0,0
38,3,0,0,0,0,0,0
39,4,0,0,0,0,0,0
40,4,0,0,0,0,0,0
41,4,0,0,0,0,0,0
42,4,0,0,0,0,0,0
43,4,0,0,0,0,0,0
44,4,0,0,0,0,0,0
45,4,0,0,0,0,0,0
46,4,0,0,0,0,0,0
47,5,0,0,0,0,0,0
48,5,0,0,0,0,0,0
49,5,0,0,0,0,0,0
50,5,0,0,0,0,0,0
51,5,0,0,0,0,0,0
52,5,0,0,0,0,0,0
53,5,0,0,0,0,0,0
54,5,0,0,0,0,0,0
55,5,0,0,0,0,0,0
56,5,0,0,0,0,0,0
57,5,1,1,0,0,0,1
58,5,0,0,0,0,0,0
59,6,0,0,0,0,0,0
60,6,0,0,0,0,0,0
61,6,0,0,0,0,0,0
62,6,0,0,0,0,0,0
63,6,0,0,0,0,0,0
64,6,0,0,0,0,0,0
65,6,0,0,0,0,0,0
66,6,0,0,0,0,0,0
67,6,0,0,0,0,0,0
68,6,0,0,0,0,0,0
69,7,0,0,0,0,0,0
70,7,0,0,0,0,0,0
71,7,0,0,0,0,0,0
72,8,0,0,0,0,0,0
73,8,0,0,0,0,0,0
74,8,0,0,0,0,0,0
75,8,0,0,0,0,0,0
76,8,0,0,0,0,0,0
77,8,0,0,0,0,0,0
78,8,0,0,0,0,0,0
79,9,0,0,0,0,0,0
80,9,0,0,0,0,0,0
81,9,0,0,0,0,0,0
82,9,1,0,0,0,0,1
83,9,0,0,0,1,0,1
84,9,0,0,0,0,0,0
85,9,0,0,0,0,0,0
86,9,0,0,0,0,0,0
87,9,0,0,0,0,0,0
88,9,0,0,0,0,0,0
89,9,0,0,0,0,0,0
90,9,0,0,0,0,0,0
91,10,0,0,0,0,0,0
92,10,0,0,0,0,0,0
93,10,0,0,0,0,0,0
94,10,1,1,0,1,0,1
95,10,0,1,0,0,0,1
96,10,0,0,0,0,0,0
97,10,0,1,0,0,0,1
98,10,0,0,0,0,0,0
99,11,0,0,0,0,0,0
100,11,0,0,0,0,0,0
101,11,0,0,0,0,0,0
102,11,0,0,0,0,0,0
103,11,0,0,0,0,0,0
104,11,0,0,0,0,0,0
105,11,0,0,0,0,0,0
106,11,0,0,0,0,0,0
107,11,0,0,0,0,0,0
108,11,0,0,0,0,0,0
109,11,0,0,0,0,0,0
110,11,0,0,0,0,0,0
111,12,0,0,0,0,0,0
112,12,0,0,0,0,0,0
113,12,1,0,0,0,0,1
114,12,0,0,0,0,0,0
115,12,0,0,0,0,0,0
116,12,0,0,0,0,0,0
117,13,0,0,0,0,0,0
118,13,0,0,0,0,0,0
119,13,0,0,0,0,0,0
120,13,0,0,0,0,0,0
121,13,0,0,0,0,0,0
122,13,0,0,0,0,0,0
123,13,0,0,0,0,0,0
124,13,0,0,0,0,0,0
125,14,0,0,0,0,0,0
126,14,0,0,0,0,0,0
127,14,0,0,0,0,0,0
128,14,0,0,0,0,0,0
129,14,0,0,0,0,0,0
130,14,1,0,0,0,0,1
131,14,0,0,0,0,0,0
132,14,0,0,0,0,0,0
133,15,0,0,0,1,0,1
134,15,0,0,0,0,0,0
135,15,0,0,0,0,0,0
136,15,0,0,0,0,0,0
137,15,0,0,0,0,0,0
138,15,0,0,0,0,0,0
139,15,0,0,0,0,0,0
140,15,0,0,0,0,0,0
141,15,0,0,1,0,0,1
142,15,0,0,0,0,0,0
143,15,0,0,0,0,0,0
144,15,0,0,0,0,0,0
145,16,0,0,0,0,0,0
146,16,0,0,0,0,0,0
147,16,0,0,0,0,0,0
148,16,0,0,0,0,0,0
149,16,0,0,0,0,0,0
150,16,0,0,0,0,0,0
151,16,0,0,0,0,0,0
152,16,0,0,0,0,0,0
153,16,0,0,0,0,0,0
154,17,0,0,0,0,0,0
155,17,0,0,0,0,0,0
156,17,0,0,0,0,0,0
157,17,0,0,0,0,0,0
158,17,0,0,0,0,0,0
159,17,0,0,0,0,0,0
160,17,0,0,0,0,0,0
161,17,0,0,0,0,0,0
162,17,0,0,0,0,0,0
163,17,0,0,0,0,0,0
164,17,0,0,0,0,0,0
165,17,0,0,0,0,0,0
166,18,0,0,0,0,0,0
167,18,0,0,0,0,0,0
168,18,0,0,0,0,0,0
169,18,0,0,0,0,0,0
170,18,0,0,0,0,0,0
171,18,0,0,0,0,0,0
172,18,0,0,0,0,0,0
173,18,0,0,0,0,0,0
174,18,0,0,0,0,0,0
175,18,0,0,0,0,0,0
176,18,0,0,0,0,0,0
177,18,0,0,0,0,0,0
178,19,0,0,0,0,0,0
179,19,0,0,0,0,0,0
180,19,0,0,0,0,0,0
181,19,0,0,0,0,0,0
182,19,0,0,0,0,0,0
183,19,0,0,0,0,0,0
184,19,0,0,0,0,0,0
185,19,0,0,0,0,0,0
186,19,0,0,0,0,0,0
187,19,0,0,0,0,0,0
188,19,0,0,0,0,0,0
189,20,0,0,0,0,0,0
190,20,0,0,0,0,0,0
191,20,0,0,0,0,0,0
192,20,0,0,0,0,0,0
193,20,0,0,0,0,0,0
194,20,0,0,0,0,0,0
195,20,0,0,0,0,0,0
196,20,0,0,0,0,0,0
197,20,0,0,0,0,0,0
198,21,0,0,0,0,0,0
199,21,0,0,1,0,0,1
200,21,0,0,0,0,0,0
201,21,0,0,0,0,0,0
202,21,0,0,0,0,0,0
203,21,0,0,0,0,0,0
204,21,0,0,0,0,0,0
205,21,0,0,0,0,0,0
206,21,0,0,0,0,0,0
207,21,0,0,0,0,0,0
208,21,0,0,0,0,0,0
209,21,0,1,1,1,0,1
210,21,1,1,0,1,0,1
211,21,1,1,0,0,0,1
212,21,1,1,1,1,1,1
213,21,1,1,0,0,0,1
214,22,0,0,0,0,0,0
215,22,0,1,1,1,0,1
216,22,0,0,0,0,0,0
217,22,0,0,0,0,0,0
218,22,0,0,0,0,0,0
219,22,0,1,0,0,0,1
220,22,0,0,0,0,1,1
221,22,0,0,0,0,0,0
222,22,1,1,0,0,0,1
223,22,1,1,0,1,1,1
224,22,1,1,1,1,1,1
225,22,0,0,0,0,0,0
226,22,0,0,0,0,0,0
227,23,0,0,0,0,0,0
228,23,0,0,0,0,0,0
229,23,0,0,0,0,0,0
230,23,0,0,0,0,0,0
231,23,0,0,0,0,0,0
232,23,0,0,0,0,0,0
233,23,0,0,0,0,0,0
234,23,0,0,0,0,0,0
235,23,0,0,0,0,0,0
236,23,0,0,0,0,0,0
237,24,0,0,0,0,0,0
238,24,0,0,0,0,0,0
239,24,0,0,0,0,0,0
240,24,0,0,0,0,0,0
241,24,0,0,0,0,0,0
242,24,0,0,0,0,0,0
243,24,1,1,0,0,0,1
244,24,0,0,0,0,0,0
245,24,0,0,0,0,0,0
246,24,1,1,0,0,0,1
247,24,0,0,0,0,0,0
248,24,0,1,0,0,1,1
249,24,0,0,0,0,0,0
250,24,1,1,0,0,1,1
251,24,0,0,0,1,0,1
252,25,1,1,0,0,0,1
253,25,0,0,0,0,0,0
254,25,0,0,0,0,0,0
255,25,0,0,0,0,0,0
256,25,0,0,0,0,0,0
257,25,0,0,0,0,0,0
258,25,0,0,0,0,0,0
259,25,0,0,0,0,0,0
260,25,0,0,0,0,0,0
261,25,1,1,1,0,0,1
262,25,0,0,0,0,0,0
263,25,0,0,0,0,0,0
264,26,1,0,1,0,0,1
265,26,0,0,0,0,0,0
266,26,0,0,0,0,0,0
267,26,1,1,1,1,0,1
268,26,0,0,0,0,0,0
269,26,0,0,0,0,0,0
270,26,0,0,0,0,0,0
271,26,0,0,0,0,0,0
272,27,0,0,0,0,0,0
273,27,0,0,0,0,0,0
274,27,0,0,0,0,0,0
275,27,0,0,0,0,0,0
276,27,1,1,0,1,0,1
277,27,1,1,0,0,1,1
278,27,0,0,0,0,0,0
279,27,0,0,0,0,0,0
280,27,0,0,0,0,0,0
281,27,0,0,0,0,0,0
282,27,0,0,0,0,0,0
283,27,0,0,0,0,0,0
284,27,0,0,0,0,0,0
285,27,0,0,0,0,0,0
286,27,0,0,0,0,0,0
287,27,0,0,0,0,0,0
288,27,0,0,0,0,0,0
289,27,0,0,0,0,0,0
290,28,0,0,0,0,0,0
291,28,0,0,1,1,0,1
292,28,0,0,0,0,0,0
293,28,0,0,0,0,0,0
294,28,0,0,0,0,0,0
295,28,0,0,0,0,0,0
296,28,0,0,0,0,0,0
297,28,0,0,0,0,0,0
298,28,0,0,0,0,0,0
299,28,0,0,0,0,0,0
300,28,0,0,0,0,0,0
301,28,0,0,0,0,0,0
302,29,0,0,0,0,0,0
303,29,0,0,0,0,0,0
304,29,0,0,0,0,0,0
305,29,1,1,1,0,0,1
306,29,0,0,0,0,0,0
307,29,0,0,1,0,0,1
308,29,0,0,0,0,0,0
309,29,0,0,0,0,0,0
310,29,0,0,0,0,0,0
311,29,1,0,0,1,0,1
312,29,0,0,0,0,0,0
313,30,0,0,0,0,0,0
314,30,0,0,0,0,0,0
315,30,0,0,0,0,0,0
316,30,0,0,0,0,0,0
317,30,0,0,0,0,0,0
318,30,0,0,0,0,0,0
319,30,0,0,0,0,0,0
320,30,0,0,0,0,0,0
321,31,0,0,0,0,0,0
322,31,0,0,0,0,0,0
323,31,0,0,0,0,0,0
324,31,0,1,0,1,0,1
325,31,0,0,0,0,0,0
326,31,0,0,0,0,0,0
327,31,0,1,0,0,0,1
328,31,0,0,0,0,0,0
329,31,0,0,0,0,0,0
330,31,0,0,0,0,0,0
331,32,0,0,0,0,0,0
332,32,0,0,0,0,0,0
333,32,0,0,0,0,0,0
334,32,1,0,1,0,0,1
335,32,0,0,0,0,0,0
336,32,0,0,0,0,0,0
337,32,0,0,0,0,0,0
338,32,0,0,0,0,0,0
339,33,0,0,0,0,0,0
340,33,0,0,0,0,0,0
341,33,0,0,0,0,0,0
342,33,1,1,1,0,0,1
343,33,0,0,0,0,0,0
344,33,0,1,0,0,0,1
345,33,0,0,0,0,0,0
346,33,0,0,0,0,0,0
347,33,0,0,0,0,0,0
348,33,0,0,0,0,0,0
349,33,0,0,0,0,0,0
350,33,0,0,0,0,0,0
351,34,0,0,0,0,0,0
352,34,0,0,0,0,0,0
353,34,0,0,0,0,0,0
354,34,0,0,0,0,0,0
355,34,0,0,0,0,0,0
356,34,0,0,0,0,0,0
357,34,0,0,0,0,0,0
358,34,0,0,1,0,0,1
359,34,0,0,0,0,0,0
360,34,0,0,0,0,0,0
361,34,0,0,0,0,0,0
362,34,0,0,0,0,0,0
363,34,0,0,0,0,0,0
364,35,0,0,0,0,0,0
365,35,0,0,0,0,0,0
366,35,0,0,0,0,0,0
367,35,0,0,0,0,0,0
368,35,0,0,0,0,0,0
369,35,0,0,0,0,0,0
370,35,0,0,0,0,1,1
371,35,0,0,0,0,0,0
372,35,0,0,0,0,0,0
373,35,0,0,0,0,0,0
374,35,0,0,0,0,0,0
375,36,0,0,0,0,0,0
376,36,0,0,0,0,0,0
377,36,0,0,0,0,0,0
378,36,0,0,0,0,0,0
379,37,0,0,0,0,0,0
380,37,0,0,0,0,0,0
381,37,0,0,0,1,0,1
382,37,0,0,0,1,0,1
383,37,0,0,0,0,0,0
384,37,0,0,0,0,0,0
385,37,0,0,0,0,0,0
386,37,0,0,0,0,0,0
387,37,0,0,0,1,0,1
388,38,0,0,0,0,0,0
389,38,0,0,0,0,0,0
390,38,0,0,0,0,0,0
391,38,0,0,0,0,0,0
392,39,0,0,0,0,0,0
393,39,0,0,,,0,0
394,39,0,0,1,1,0,1
395,39,0,0,0,0,0,0
396,39,0,0,0,0,0,0
397,39,0,0,0,0,0,0
398,39,0,0,0,0,0,0
399,39,0,0,0,0,0,0
400,39,0,0,0,0,0,0
401,39,0,0,0,0,0,0
402,40,0,0,0,0,0,0
403,40,0,0,0,0,0,0
404,40,0,0,0,0,0,0
405,40,0,0,0,0,0,0
406,40,0,0,0,0,0,0
407,40,0,0,0,0,0,0
408,41,0,0,0,0,0,0
409,41,0,0,0,0,0,0
410,41,0,0,0,0,0,0
411,41,0,0,0,0,0,0
412,41,0,0,0,0,0,0
413,41,0,0,0,0,0,0
414,41,0,0,0,0,0,0
415,41,0,0,0,0,0,0
416,41,0,0,0,0,0,0
417,41,0,0,0,0,0,0
418,41,0,0,0,0,0,0
419,41,0,0,0,0,0,0
420,42,0,0,0,1,0,1
421,42,0,0,0,0,0,0
422,42,0,0,0,0,0,0
423,42,0,0,0,0,0,0
424,42,0,0,0,1,0,1
425,42,0,0,0,0,0,0
426,42,0,1,0,0,1,1
427,42,0,0,0,0,0,0
428,42,0,0,0,0,0,0
429,43,0,0,0,0,0,0
430,43,0,0,0,0,0,0
431,43,0,0,0,0,0,0
432,43,0,0,0,0,0,0
433,43,0,0,0,0,0,0
434,43,0,0,0,0,0,0
435,43,0,0,0,0,0,0
436,43,0,0,0,0,0,0
437,43,0,0,0,0,0,0
438,43,0,0,0,0,0,0
439,44,0,0,0,0,0,0
440,44,0,0,0,0,0,0
441,44,0,0,0,0,0,0
442,44,0,0,0,0,0,0
443,44,0,0,0,0,0,0
444,44,0,0,0,0,0,0
445,44,0,0,0,0,0,0
446,44,0,0,0,0,0,0
447,44,0,0,0,0,0,0
448,44,0,0,0,0,0,0
449,44,0,0,0,0,0,0
450,44,0,0,0,0,0,0
451,44,0,0,0,0,0,0
452,44,0,0,0,0,0,0
453,44,0,0,0,0,0,0
454,45,0,0,0,0,0,0
455,45,0,0,0,0,0,0
456,45,0,0,0,0,0,0
457,45,0,0,0,0,0,0
458,45,1,1,1,1,1,1
459,45,0,0,0,0,0,0
460,45,0,0,0,0,0,0
461,45,0,0,0,0,0,0
462,45,0,0,0,0,0,0
463,45,0,0,0,0,0,0
464,45,0,0,0,0,0,0
465,45,0,0,0,0,0,0
466,45,0,0,1,1,0,1
467,45,0,0,0,0,0,0
468,45,0,0,0,0,0,0
469,46,0,0,0,0,0,0
470,46,0,0,0,1,1,1
471,46,0,0,0,0,0,0
472,46,0,0,0,0,0,0
473,46,0,0,0,0,0,0
474,46,0,0,0,0,0,0
475,46,0,0,0,0,0,0
476,46,0,0,0,0,0,0
477,46,0,0,0,0,0,0
478,46,0,0,0,0,0,0
479,46,0,0,0,0,0,0
480,46,0,0,0,0,0,0
481,46,0,0,0,0,0,0
482,46,0,0,0,0,0,0
483,47,0,0,1,0,0,1
484,47,0,0,0,0,0,0
485,47,0,0,0,0,0,0
486,47,0,0,0,0,0,0
487,48,0,0,0,0,0,0
488,48,0,0,0,0,0,0
489,48,0,0,0,0,0,0
490,48,0,0,0,0,0,0
491,48,0,0,0,0,0,0
492,48,0,0,0,0,0,0
493,48,0,0,0,,0,0
494,48,0,0,0,0,0,0
495,48,0,0,0,0,0,0
496,48,0,0,0,0,0,0
497,48,0,0,1,0,0,1
498,48,0,0,0,,0,0
499,48,0,0,0,0,0,0
500,48,0,0,0,0,0,0
501,49,0,0,0,0,0,0
502,49,0,0,0,0,0,0
503,49,0,0,0,0,0,0
504,49,0,0,0,0,0,0
505,49,0,0,0,0,0,0
506,49,0,0,0,0,0,0
507,49,1,0,1,1,1,1
508,49,0,0,0,0,0,0
509,50,0,0,0,0,0,0
510,50,0,1,0,0,0,1
511,50,1,0,0,0,0,1
512,50,0,0,0,0,0,0
513,50,0,1,1,1,0,1
514,50,0,1,1,1,0,1
515,50,0,0,0,0,0,0
516,50,0,0,0,0,0,0
517,50,0,0,0,0,0,0
518,50,0,0,0,0,0,0
519,50,0,1,0,0,0,1
520,50,1,1,1,0,0,1
521,50,0,0,0,0,0,0
522,51,0,0,0,0,0,0
523,51,0,0,0,0,0,0
524,51,0,0,0,0,0,0
525,51,0,0,0,0,0,0
526,51,0,0,0,0,0,0
527,51,0,0,0,0,0,0
528,51,0,0,0,0,0,0
529,51,0,0,0,0,0,0
530,51,0,0,0,0,0,0
531,51,0,0,0,0,0,0
532,51,0,0,0,0,0,0
533,51,0,0,0,0,0,0
534,51,0,0,0,0,0,0
535,51,0,0,0,0,0,0
536,51,0,0,0,0,0,0
537,51,0,0,0,0,0,0
538,51,0,0,0,0,0,0
539,52,0,1,0,0,0,1
540,52,0,0,0,0,0,0
541,52,0,1,0,0,0,1
542,52,0,0,0,0,0,0
543,52,0,0,0,0,0,0
544,52,0,0,0,0,0,0
545,52,0,0,0,0,0,0
546,52,0,0,0,0,0,0
547,52,0,0,0,0,0,0
548,53,0,0,0,0,0,0
549,53,0,0,0,0,0,0
550,53,0,0,0,0,0,0
551,53,0,0,0,0,0,0
552,53,0,0,0,0,0,0
553,53,0,0,0,0,0,0
554,53,0,0,0,0,0,0
555,53,0,0,0,0,0,0
556,53,0,0,0,0,0,0
557,54,0,0,0,0,0,0
558,54,0,0,0,0,0,0
559,54,0,0,0,0,0,0
560,54,0,0,1,0,1,1
561,54,0,0,0,0,0,0
562,54,0,0,0,0,0,0
563,54,0,0,0,0,0,0
564,54,0,0,0,0,0,0
565,54,0,0,0,0,0,0
566,54,0,0,0,0,0,0
567,54,0,0,0,0,0,0
568,54,0,0,0,0,0,0
569,55,0,0,0,0,0,0
570,55,0,0,0,0,0,0
571,55,0,0,0,0,0,0
572,55,0,0,0,0,0,0
573,55,0,0,0,0,0,0
574,55,0,0,0,0,0,0
575,55,0,0,0,0,0,0
576,55,0,0,0,0,0,0
577,55,0,0,0,0,0,0
578,55,0,0,0,0,0,0
579,55,0,0,0,0,0,0
580,55,0,0,0,0,0,0
581,55,0,0,0,0,0,0
582,55,0,0,0,0,0,0
583,55,0,0,0,0,0,0
584,55,0,0,0,0,0,0
585,55,0,0,0,0,0,0
586,56,0,0,0,0,0,0
587,56,0,0,0,0,0,0
588,56,0,0,0,0,0,0
589,56,1,1,0,0,0,1
590,56,0,1,0,0,0,1
592,56,0,0,0,0,0,0
593,56,0,0,0,0,0,0
594,56,0,0,0,0,0,0
595,56,0,0,0,0,1,1
596,56,0,0,0,0,0,0
597,57,0,0,0,0,0,0
598,57,0,0,0,0,0,0
599,57,0,0,0,0,0,0
600,57,0,0,0,0,0,0
601,57,0,0,0,0,0,0
602,57,0,0,0,0,0,0
603,57,0,0,0,0,0,0
604,57,0,0,0,0,0,0
605,57,0,0,0,0,0,0
606,57,0,0,0,0,0,0
607,58,0,0,0,0,0,0
608,58,0,0,0,0,0,0
609,58,0,0,0,0,0,0
610,58,0,0,0,0,0,0
611,58,0,0,0,0,0,0
612,58,0,0,0,0,0,0
613,58,0,0,0,0,0,0
614,58,0,0,0,0,0,0
615,58,0,0,0,0,0,0
616,59,1,1,0,0,0,1
617,59,0,0,0,0,0,0
618,59,0,0,0,0,0,0
619,59,0,0,0,0,0,0
620,59,0,0,0,0,0,0
621,59,0,0,0,0,0,0
622,60,0,0,0,0,0,0
623,60,0,0,0,0,0,0
624,60,0,0,0,0,0,0
625,60,0,0,0,0,0,0
626,60,0,0,0,0,0,0
627,60,0,0,0,0,0,0
628,60,0,0,0,0,0,0
629,61,0,0,0,1,0,1
630,61,1,1,0,0,,1
631,61,1,1,1,0,0,1
632,61,,,,,1,1
633,62,0,0,0,0,0,0
634,62,0,0,0,0,0,0
635,62,0,0,0,0,0,0
636,62,0,0,0,0,0,0
637,62,0,1,1,0,0,1
638,62,0,0,0,0,0,0
639,62,0,0,0,0,0,0
640,62,0,0,0,0,0,0
641,62,0,0,0,1,0,1
642,62,0,0,0,0,0,0
643,62,0,0,0,0,0,0
644,62,0,0,0,0,0,0
645,62,0,0,0,0,0,0
646,62,1,0,0,1,0,1
647,62,0,0,0,0,0,0
648,62,0,0,0,0,0,0
649,62,0,0,0,1,0,1
650,63,0,0,0,0,0,0
651,63,0,0,0,0,0,0
652,63,0,0,0,0,0,0
653,63,0,1,1,1,1,1
654,63,0,0,0,0,0,0
655,63,0,0,1,0,0,1
656,63,0,0,0,0,0,0
657,63,0,0,0,0,0,0
658,63,0,0,0,0,0,0
659,63,0,0,0,0,0,0
660,63,0,0,0,0,0,0
661,64,0,0,0,0,0,0
662,64,0,0,0,0,0,0
663,64,0,0,0,0,0,0
664,64,0,0,0,0,0,0
665,64,0,0,0,0,0,0
666,64,0,0,0,0,0,0
667,64,0,0,0,0,0,0
668,64,0,0,0,0,0,0
669,65,0,0,0,0,0,0
670,65,0,0,0,0,0,0
671,65,0,0,0,0,0,0
672,65,0,0,0,0,0,0
673,65,0,0,0,0,0,0
674,65,1,1,0,0,0,1
675,65,0,0,0,0,0,0
676,66,0,0,0,0,0,0
677,66,0,0,0,0,0,0
678,66,0,0,0,0,0,0
679,66,1,1,0,1,0,1
680,66,0,0,0,0,0,0
681,66,0,0,0,0,0,0
682,66,0,0,0,0,0,0
683,66,0,0,0,0,0,0
684,66,0,0,0,0,0,0
685,66,0,0,0,0,0,0
686,66,0,0,0,0,0,0
687,66,0,0,0,0,0,0
688,67,0,0,0,0,0,0
689,67,0,0,0,0,0,0
690,67,0,1,1,0,0,1
691,67,0,0,0,0,0,0
692,67,1,0,0,0,0,1
693,68,1,0,0,0,0,1
694,68,0,0,0,0,0,0
695,68,1,1,1,0,0,1
696,68,0,0,0,0,0,0
697,68,0,1,0,0,0,1
698,68,0,0,0,0,0,0
699,68,0,0,0,0,0,0
700,68,0,1,1,1,0,1
701,68,0,0,0,0,0,0
702,68,0,0,0,0,0,0
703,69,0,0,0,0,0,0
704,69,0,0,0,0,0,0
705,69,0,0,0,0,0,0
706,69,0,0,0,0,0,0
707,69,0,0,0,0,0,0
708,70,1,1,1,1,1,1
709,70,1,1,0,0,0,1
710,70,0,0,0,0,0,0
711,70,0,0,0,0,0,0
712,70,0,0,0,0,0,0
713,70,0,0,0,0,0,0
714,70,0,0,0,0,0,0
715,70,0,0,0,0,0,0
716,70,0,0,0,0,0,0
717,70,0,0,0,0,0,0
718,70,0,0,0,0,0,0
719,70,0,0,0,0,0,0
720,70,0,0,0,0,0,0
721,70,0,0,0,0,0,0
722,70,0,0,0,0,0,0
723,71,0,0,0,0,0,0
724,71,0,0,0,0,0,0
725,71,0,0,0,0,0,0
726,71,0,0,0,0,0,0
727,71,0,0,0,0,0,0
728,71,0,0,0,0,0,0
729,71,0,0,0,0,0,0
730,71,0,0,0,0,0,0
731,71,0,0,0,0,0,0
732,71,0,0,0,0,0,0
733,72,0,0,0,0,0,0
734,72,0,0,0,0,0,0
735,72,1,1,0,0,0,1
736,72,0,0,0,0,0,0
737,72,0,0,1,0,1,1
738,72,1,1,0,0,0,1
739,72,0,0,0,0,0,0
740,72,0,0,0,0,0,0
741,72,0,1,1,1,1,1
742,72,0,0,0,0,0,0
743,72,0,0,0,0,0,0
744,72,0,0,0,0,0,0
745,73,0,1,0,0,0,1
746,73,0,0,0,0,0,0
747,73,0,1,1,1,0,1
748,73,0,0,0,0,0,0
749,73,0,0,0,0,0,0
750,73,1,1,0,1,1,1
751,73,0,0,0,,0,0
752,73,0,0,0,0,0,0
753,73,0,0,0,0,0,0
754,73,0,1,1,0,0,1
755,73,0,0,1,0,0,1
756,73,1,0,1,0,0,1
757,73,1,0,0,0,0,1
758,73,1,1,0,0,1,1
759,73,0,0,0,0,0,0
760,73,0,0,0,0,0,0
761,73,0,0,0,0,0,0
762,73,0,0,0,0,0,0
763,74,0,0,0,0,0,0
764,74,0,0,0,0,0,0
765,74,0,0,0,0,0,0
766,74,0,0,0,0,0,0
767,74,0,0,0,0,0,0
768,74,0,0,0,0,0,0
769,74,0,0,0,0,0,0
770,74,0,0,0,0,0,0
771,74,0,0,0,0,0,0
772,75,0,0,0,0,0,0
773,75,0,0,0,0,0,0
775,75,0,0,0,0,0,0
776,75,0,0,0,0,0,0
777,75,0,0,0,0,0,0
779,75,0,0,0,0,0,0
780,75,0,0,0,0,0,0
781,75,0,0,0,0,0,0
782,75,0,0,0,0,0,0
783,76,0,0,0,0,0,0
784,76,1,1,1,1,1,1
785,76,1,1,1,1,1,1
786,76,0,0,0,0,0,0
787,76,1,1,0,1,0,1
788,76,1,1,1,1,1,1
789,76,0,1,0,1,0,1
790,76,0,0,0,0,0,0
791,76,1,1,1,1,1,1
792,76,1,1,1,1,1,1
793,76,1,1,1,1,0,1
794,76,1,1,1,1,0,1
795,76,0,0,0,0,0,0
796,76,1,1,1,1,1,1
797,76,1,1,1,1,0,1
798,76,1,1,1,1,1,1
799,76,1,1,1,1,1,1
800,76,,,,,0,0
801,76,0,1,0,0,0,1
802,76,1,1,1,1,1,1
803,76,1,1,1,1,0,1
804,77,0,0,0,0,0,0
805,77,0,0,0,0,0,0
806,77,0,0,0,0,0,0
807,77,0,0,0,0,0,0
808,77,0,0,0,1,0,1
809,77,0,0,0,0,0,0
810,77,0,0,0,0,0,0
811,77,0,0,0,0,0,0
812,77,0,0,0,0,0,0
813,78,0,0,0,0,0,0
814,78,1,1,0,1,0,1
815,78,0,0,0,0,0,0
816,78,0,0,0,0,0,0
817,78,0,0,0,0,0,0
818,78,0,0,0,0,0,0
819,78,0,0,0,0,0,0
820,78,0,0,1,0,0,1
821,78,1,1,1,1,1,1
822,79,0,1,1,0,0,1
823,79,0,0,0,0,0,0
824,79,0,0,0,0,0,0
825,79,0,0,0,0,0,0
826,79,0,0,0,0,0,0
827,79,0,0,0,0,0,0
828,79,0,0,0,0,0,0
829,79,0,0,0,0,0,0
830,79,0,0,0,0,0,0
831,79,0,0,0,0,0,0
832,79,0,0,0,0,0,0
833,79,0,0,0,0,0,0
834,80,0,0,0,0,0,0
835,80,0,0,0,0,0,0
836,80,0,0,0,0,0,0
837,80,0,0,0,0,0,0
838,80,0,0,0,0,0,0
839,81,0,0,0,0,0,0
840,81,0,0,0,0,0,0
841,81,0,0,0,0,0,0
842,81,0,0,0,0,0,0
843,81,0,0,0,0,0,0
844,82,0,0,0,0,0,0
845,82,0,0,0,0,0,0
846,82,0,0,1,0,1,1
847,82,0,0,0,0,0,0
848,82,0,0,0,0,0,0
849,82,0,0,0,0,0,0
850,82,0,0,0,0,0,0
851,82,0,0,0,0,0,0
852,82,0,0,0,0,0,0
853,82,0,0,0,0,0,0
854,82,0,0,0,0,0,0
855,82,0,0,0,0,0,0
856,83,0,0,0,0,0,0
857,83,0,0,0,0,0,0
858,83,0,0,1,0,0,1
859,83,0,0,0,0,0,0
860,83,0,0,0,0,0,0
861,83,0,0,0,0,0,0
862,83,0,0,0,0,0,0
863,83,1,1,1,1,0,1
864,83,0,0,0,0,0,0
865,83,0,0,0,0,0,0
866,83,0,0,0,0,0,0
867,84,0,0,0,0,0,0
868,84,0,0,0,0,0,0
869,84,0,0,0,0,0,0
870,84,0,0,0,0,0,0
871,84,0,0,0,0,0,0
872,84,0,0,0,0,0,0
873,84,0,0,0,0,0,0
874,84,0,0,0,0,0,0
875,84,0,0,0,0,0,0
876,84,0,0,0,0,0,0
877,84,0,0,0,0,0,0
878,84,0,0,0,0,0,0
879,84,0,0,0,0,0,0
880,84,0,0,0,0,0,0
881,84,0,0,0,0,0,0
882,84,0,0,0,0,0,0
883,85,0,0,0,0,0,0
884,85,0,0,0,0,0,0
885,85,0,0,0,0,0,0
886,85,0,0,0,0,0,0
887,85,0,0,0,0,0,0
888,85,0,0,0,0,0,0
889,85,0,0,0,0,0,0
890,85,0,0,0,0,0,0
891,85,0,0,0,0,0,0
892,85,0,0,0,0,0,0
893,86,0,0,0,0,0,0
894,86,0,0,0,0,0,0
895,86,0,0,0,0,0,0
896,86,0,0,0,0,0,0
897,86,0,0,0,0,0,0
898,86,0,0,0,0,0,0
899,87,0,0,0,0,0,0
900,87,0,0,0,0,0,0
901,87,0,0,0,0,0,0
902,87,0,0,0,0,0,0
903,87,0,0,0,0,0,0
904,87,0,0,0,0,0,0
905,87,0,0,0,0,0,0
906,87,0,0,0,0,0,0
907,87,0,0,0,0,0,0
908,87,0,0,0,0,0,0
909,87,0,0,0,0,0,0
910,87,0,0,0,0,0,0
911,87,0,0,0,0,0,0
912,87,1,1,0,,0,1
913,87,0,0,0,0,0,0
914,87,1,1,0,0,1,1
915,88,0,0,0,0,0,0
916,88,0,0,0,0,0,0
917,88,0,0,0,0,0,0
918,88,0,0,0,0,0,0
919,88,0,0,0,0,0,0
920,88,0,0,0,0,0,0
921,88,0,0,0,0,0,0
922,88,0,0,0,0,0,0
923,88,0,0,0,0,0,0
924,88,0,0,0,0,0,0
925,88,0,0,0,0,0,0
926,88,0,0,0,0,0,0
927,89,0,0,0,0,0,0
928,89,0,0,0,0,0,0
929,89,0,0,0,0,0,0
930,89,0,0,0,0,0,0
931,89,0,0,0,0,0,0
932,89,0,0,0,0,0,0
933,89,0,0,0,0,0,0
934,89,0,0,0,0,0,0
935,90,0,0,0,0,0,0
936,90,0,0,0,0,1,1
937,90,0,0,0,0,0,0
938,90,0,0,1,0,0,1
939,90,0,1,1,1,1,1
940,90,0,0,0,0,0,0
941,90,0,0,0,0,0,0
942,90,0,0,0,0,0,0
943,90,0,0,0,0,0,0
944,90,1,0,0,0,0,1
945,90,0,0,0,0,0,0
946,90,0,0,0,0,0,0
947,90,1,1,0,0,0,1
948,91,1,1,1,1,0,1
949,91,0,1,1,0,0,1
950,91,1,1,0,1,0,1
951,91,0,0,0,0,0,0
952,91,0,0,0,1,0,1
953,91,0,0,0,0,0,0
954,91,0,0,0,0,0,0
955,91,0,1,0,0,0,1
956,91,1,1,1,0,1,1
957,91,0,0,1,1,0,1
958,91,1,0,0,1,1,1
959,92,0,0,0,0,0,0
960,92,0,0,0,0,0,0
961,92,0,0,0,0,0,0
962,92,0,0,0,0,0,0
963,92,0,0,0,0,0,0
964,92,0,0,0,0,0,0
965,92,0,0,0,0,0,0
966,92,0,0,0,0,0,0
967,92,0,0,0,0,0,0
968,92,0,0,0,0,0,0
969,93,0,0,0,0,0,0
970,93,0,0,0,0,0,0
971,93,0,0,0,0,0,0
972,93,0,0,0,0,0,0
973,93,0,0,0,0,0,0
974,93,0,0,0,0,0,0
975,93,0,0,0,0,0,0
976,93,0,0,0,0,0,0
977,93,1,1,0,0,0,1
978,93,0,0,0,0,0,0
979,93,0,0,0,0,0,0
980,93,0,0,0,0,0,0
981,93,0,0,0,0,0,0
982,95,0,0,0,0,0,0
983,95,0,0,0,0,0,0
984,95,0,0,0,0,0,0
985,95,0,0,0,0,0,0
986,95,0,0,0,0,0,0
987,95,0,0,0,0,0,0
988,95,0,1,0,1,0,1
989,95,0,0,0,0,0,0
990,95,0,0,0,0,0,0
991,95,0,0,0,0,1,1
992,96,1,1,0,0,0,1
993,96,0,1,0,0,0,1
994,96,0,0,0,0,0,0
995,96,0,0,0,0,0,0
996,96,0,0,0,0,0,0
997,96,1,0,0,0,0,1
998,96,0,1,1,0,0,1
999,96,1,1,1,1,1,1
1000,96,1,1,1,0,0,1
1001,96,1,1,1,0,0,1
1002,96,0,0,0,0,0,0
1003,96,0,0,0,0,0,0
1004,96,1,1,1,1,1,1
1005,96,1,1,1,1,0,1
1006,96,0,0,0,0,0,0
1007,96,0,0,0,0,0,0
1008,96,0,0,0,0,0,0
1009,96,0,0,0,0,0,0
1010,97,0,0,0,0,0,0
1011,97,0,0,0,0,0,0
1012,97,0,0,0,0,0,0
1013,97,0,0,0,0,0,0
1014,97,0,0,0,0,0,0
1015,97,0,0,0,0,0,0
1016,97,0,0,0,0,0,0
1017,97,0,0,0,0,0,0
1018,97,0,0,0,0,0,0
1019,97,0,0,0,0,0,0
1020,97,0,0,0,0,0,0
1021,97,0,0,0,0,0,0
1022,98,0,0,0,0,0,0
1023,98,0,0,0,0,0,0
1024,98,0,0,0,0,0,0
1025,98,0,0,0,0,0,0
1026,98,0,0,0,0,0,0
1027,98,0,0,0,0,0,0
1028,98,0,0,0,0,0,0
1029,98,0,0,0,0,0,0
1030,99,0,0,0,0,0,0
1031,99,0,0,0,0,0,0
1032,99,0,0,0,0,0,0
1033,99,0,0,0,0,0,0
1034,99,0,0,0,0,0,0
1035,99,0,0,0,0,0,0
1036,99,0,0,0,0,0,0
1037,99,0,0,0,0,0,0
1038,99,0,0,0,0,0,0
1039,99,0,0,0,0,0,0
1040,100,0,0,0,0,0,0
1041,100,0,0,0,0,0,0
1042,100,0,0,0,0,0,0
1043,100,0,0,0,0,0,0
1044,100,0,0,1,0,0,1
1045,100,0,0,0,0,0,0
1046,100,0,0,0,0,0,0
1047,100,0,0,0,0,0,0
1048,100,0,0,0,0,0,0
1049,101,0,0,0,0,0,0
1050,101,0,0,0,0,0,0
1051,101,0,0,0,0,0,0
1052,101,0,0,0,0,0,0
1053,101,0,0,0,0,0,0
1054,101,0,0,0,0,0,0
1055,101,0,0,0,0,0,0
1056,101,0,0,0,0,0,0
1057,101,0,0,0,0,0,0
1058,101,0,0,0,0,0,0
1059,101,0,0,0,0,0,0
1060,101,0,0,0,0,0,0
1061,101,0,0,0,0,0,0
1062,102,0,0,0,0,0,0
1063,102,0,0,0,0,0,0
1064,102,0,0,0,0,0,0
1065,102,0,0,0,0,0,0
1066,102,0,0,0,0,0,0
1067,102,0,0,0,0,0,0
1068,102,0,0,0,0,0,0
1069,102,0,0,0,0,0,0
1070,103,0,0,0,0,0,0
1071,103,0,0,0,0,0,0
1072,103,0,0,0,0,0,0
1073,103,1,1,0,1,0,1
1074,103,0,0,0,0,0,0
1075,103,0,0,0,0,0,0
1076,103,0,0,0,0,0,0
1077,104,0,0,0,0,0,0
1078,104,0,0,0,0,0,0
1079,104,0,0,0,0,0,0
1080,104,0,0,0,0,0,0
1081,104,0,0,0,0,0,0
1082,104,0,0,0,0,0,0
1083,104,0,0,0,0,0,0
1084,105,0,0,0,0,0,0
1085,105,0,0,0,0,0,0
1086,105,0,0,0,0,0,0
1087,105,0,0,0,0,0,0
1088,105,0,0,0,0,0,0
1089,105,0,0,0,0,0,0
1090,105,0,0,0,0,0,0
1091,105,0,0,0,0,0,0
1092,105,0,0,0,0,0,0
1093,105,0,0,0,0,0,0
1094,105,0,0,0,0,0,0
1095,106,0,0,0,0,0,0
1096,106,0,0,0,0,0,0
1097,106,0,0,0,0,0,0
1098,106,1,1,1,0,0,1
1099,106,0,0,0,0,0,0
1100,106,0,0,0,0,0,0
1101,106,0,0,1,0,0,1
1102,106,0,0,0,0,0,0
1103,106,0,0,0,0,0,0
1104,106,0,0,0,0,0,0
1105,106,0,0,0,0,0,0
1106,106,0,0,0,0,0,0
1107,106,0,0,0,0,0,0
1108,106,1,1,1,1,1,1
1109,107,0,0,0,0,0,0
1110,107,0,0,0,0,0,0
1111,107,0,0,0,0,0,0
1112,107,0,0,0,0,0,0
1113,107,0,0,0,0,0,0
1114,107,0,0,0,0,0,0
1115,107,0,0,0,0,0,0
1116,107,0,0,0,0,0,0
1117,107,0,0,0,0,0,0
1118,107,0,0,0,0,0,0
1119,107,0,0,0,0,0,0
1120,108,0,0,0,0,0,0
1121,108,0,0,0,0,0,0
1122,108,0,0,0,0,0,0
1123,108,0,0,0,0,0,0
1124,108,0,0,0,0,0,0
1125,108,1,1,1,1,1,1
1126,108,0,0,0,0,0,0
1127,108,0,0,0,0,0,0
1128,108,0,0,0,0,0,0
1129,108,0,0,0,0,0,0
1130,108,0,0,0,0,0,0
1131,108,0,0,0,0,0,0
1132,109,0,0,0,0,0,0
1133,109,0,0,0,0,0,0
1134,109,0,1,1,0,0,1
1135,109,1,0,0,0,0,1
1136,109,0,0,0,,0,0
1137,109,0,0,0,0,0,0
1138,109,0,0,0,0,0,0
1139,109,0,0,0,0,0,0
1140,109,0,0,0,0,0,0
1141,109,1,1,1,0,0,1
1142,109,0,1,0,0,0,1
1143,110,0,0,0,0,0,0
1144,110,0,0,0,0,0,0
1145,110,0,0,0,0,0,0
1146,110,0,0,0,0,0,0
1147,110,0,0,0,0,0,0
1148,110,0,0,0,0,0,0
1149,110,0,0,0,0,0,0
1150,110,0,0,0,0,0,0
1151,110,1,0,1,1,0,1
1152,110,0,0,0,0,0,0
1153,110,1,1,0,1,0,1
1154,110,0,0,0,0,0,0
1155,110,0,0,0,0,0,0
1156,110,0,0,0,0,0,0
1157,110,0,0,0,0,0,0
1158,111,0,0,0,0,0,0
1159,111,0,0,0,0,0,0
1160,111,0,0,0,0,0,0
1161,111,0,0,0,0,0,0
1162,111,0,0,0,0,0,0
1163,111,0,0,0,0,0,0
1164,112,0,1,0,1,0,1
1165,112,0,0,0,0,0,0
1166,112,0,0,0,0,0,0
1167,112,1,1,1,1,1,1
1168,112,1,1,0,0,0,1
1169,112,0,0,0,0,0,0
1170,112,0,0,0,0,0,0
1171,113,0,0,0,0,0,0
1172,113,0,0,0,0,0,0
1173,113,0,0,0,0,0,0
1174,113,0,0,0,0,0,0
1175,113,0,0,0,0,0,0
1176,113,0,0,0,0,0,0
1177,113,0,0,0,0,0,0
1178,113,0,0,0,0,0,0
1179,113,0,0,0,0,0,0
1180,114,0,0,0,0,0,0
1181,114,0,0,0,0,0,0
1182,114,0,0,0,0,0,0
1183,114,0,0,0,0,0,0
1184,114,0,0,0,0,0,0
1185,114,0,0,0,0,0,0
1186,114,0,0,0,0,0,0
1187,114,0,0,0,0,0,0
1188,114,0,0,0,0,0,0
1189,114,0,0,0,0,0,0
1190,114,0,0,0,0,0,0
1191,114,0,0,0,0,0,0
1192,115,1,1,1,1,0,1
1193,115,1,1,1,1,0,1
1194,115,1,1,1,1,1,1
1195,115,0,1,1,0,0,1
1196,115,1,1,1,1,1,1
1197,115,1,1,0,1,0,1
1198,115,1,1,1,1,0,1
1199,115,1,1,0,1,0,1
1200,115,1,0,1,1,1,1
1201,115,1,1,1,1,1,1
1202,115,0,0,,,0,0
1203,116,0,0,0,0,0,0
1204,116,0,0,0,0,0,0
1205,116,0,0,0,0,0,0
1206,116,0,0,0,0,0,0
1207,116,0,0,0,0,0,0
1208,116,0,0,0,0,0,0
1209,116,0,0,0,0,0,0
1210,117,0,0,0,0,0,0
1211,117,0,0,0,0,0,0
1212,117,0,0,0,1,0,1
1213,117,0,0,0,0,0,0
1214,117,0,0,0,0,0,0
1215,117,0,0,0,0,0,0
1216,117,0,0,0,0,0,0
1217,117,0,0,0,0,0,0
1218,118,0,0,0,0,0,0
1219,118,0,0,0,0,0,0
1220,118,0,0,0,0,0,0
1221,118,1,1,0,1,1,1
1222,118,0,0,0,0,0,0
1223,118,0,0,0,0,0,0
1224,118,0,0,0,0,0,0
1225,118,0,0,0,0,0,0
1226,118,0,0,0,1,1,1
1227,118,0,1,0,0,0,1
1228,119,0,0,0,0,0,0
1229,119,1,1,0,0,0,1
1230,119,0,0,0,0,0,0
1231,119,0,0,1,0,0,1
1232,119,0,0,0,0,0,0
1233,119,0,0,0,0,0,0
1234,119,0,0,0,0,0,0
1235,119,0,0,0,0,0,0
1236,119,0,0,0,1,0,1
1237,119,0,0,1,0,0,1
1238,119,0,0,0,0,0,0
1239,119,0,0,0,0,0,0
1240,120,0,0,0,0,0,0
1241,120,0,0,0,0,0,0
1242,120,1,1,1,0,0,1
1243,120,0,1,0,1,0,1
1244,120,0,0,0,0,0,0
1245,120,0,0,0,0,0,0
1246,120,0,0,0,0,0,0
1247,120,0,0,0,0,0,0
1248,120,0,0,0,0,0,0
1249,120,0,0,0,0,0,0
1250,120,0,0,0,0,0,0
1251,120,0,0,0,0,0,0
1252,120,0,0,0,0,0,0
1253,121,0,0,0,0,0,0
1254,121,0,0,0,1,0,1
1255,121,0,0,0,0,0,0
1256,121,0,0,0,0,0,0
1257,121,0,0,0,0,0,0
1258,121,0,0,0,0,0,0
1259,121,0,0,0,0,0,0
1260,121,0,0,0,0,0,0
1261,122,0,0,0,0,0,0
1262,122,0,0,0,0,0,0
1263,122,0,0,0,0,0,0
1264,122,0,0,0,0,0,0
1265,122,0,0,0,0,0,0
1266,122,0,0,0,0,0,0
1267,122,0,0,0,0,0,0
1268,122,0,0,0,0,0,0
1269,122,0,0,0,0,0,0
1270,122,0,0,0,0,0,0
1271,122,0,0,0,0,0,0
1272,123,0,0,0,0,0,0
1273,123,0,0,0,0,0,0
1274,123,0,0,0,0,0,0
1275,123,0,0,0,0,0,0
1276,123,0,0,0,0,0,0
1277,123,0,0,0,0,0,0
1278,123,0,0,0,0,0,0
1279,123,0,0,0,0,0,0
1280,123,0,0,0,0,0,0
1281,123,1,0,0,0,0,1
1282,123,0,0,0,0,0,0
1283,123,0,0,0,0,0,0
1284,123,0,0,0,0,0,0
1285,123,0,0,0,0,0,0
1286,123,1,1,1,0,1,1
1287,123,1,0,0,0,0,1
1288,124,0,0,0,0,0,0
1289,124,0,0,0,0,0,0
1290,124,0,0,0,0,0,0
1291,124,0,0,0,0,0,0
1292,124,0,0,0,0,0,0
1293,124,0,0,0,0,0,0
1294,124,0,0,0,0,0,0
1295,124,0,0,0,0,0,0
1296,124,0,0,0,0,0,0
1297,124,0,0,0,0,0,0
1298,124,0,0,0,0,0,0
1299,125,0,0,0,0,0,0
1300,125,0,0,0,0,0,0
1301,125,0,0,0,0,0,0
1302,125,0,0,0,0,0,0
1303,125,0,0,0,0,0,0
1304,125,0,0,0,0,0,0
1305,125,0,0,0,0,0,0
1306,126,0,1,0,0,0,1
1307,126,0,0,0,0,0,0
1308,126,1,1,1,1,0,1
1309,126,0,0,1,0,0,1
1310,126,0,0,0,0,0,0
1311,126,1,1,1,0,0,1
1312,127,0,0,0,0,0,0
1313,127,0,0,0,0,0,0
1314,127,0,0,0,0,0,0
1315,127,0,0,0,0,0,0
1316,127,0,0,0,0,0,0
1317,127,0,1,0,1,0,1
1318,127,0,0,0,0,0,0
1319,127,0,0,0,0,0,0
1320,127,0,0,0,0,0,0
1321,127,0,0,0,0,0,0
1322,127,0,0,0,0,0,0
1323,128,0,0,0,0,0,0
1324,128,0,0,0,0,0,0
1325,128,0,0,0,0,0,0
1326,128,0,0,0,0,0,0
1327,128,1,1,1,0,0,1
1328,128,0,0,0,0,0,0
1329,128,0,0,0,0,0,0
1330,128,0,0,0,0,0,0
1331,128,0,0,0,0,0,0
1332,128,0,0,0,0,0,0
1333,128,0,0,0,0,0,0
1334,129,0,0,0,0,0,0
1335,129,0,0,0,0,0,0
1336,129,1,1,0,0,0,1
1337,129,1,0,0,0,0,1
1338,129,0,0,0,0,0,0
1339,129,0,0,0,0,0,0
1340,129,0,0,0,0,0,0
1341,129,0,0,0,0,0,0
1342,130,0,0,0,0,0,0
1343,130,0,0,0,0,0,0
1344,130,1,0,0,1,0,1
1345,130,0,0,0,0,0,0
1346,130,0,0,0,0,0,0
1347,130,1,1,,,,1
1348,130,0,0,0,0,0,0
1349,130,0,0,0,0,0,0
1350,130,0,0,0,0,0,0
1351,130,0,0,0,0,0,0
1352,130,0,0,0,0,0,0
1353,131,0,0,0,0,0,0
1354,131,0,0,0,0,0,0
1355,131,0,0,0,0,0,0
1356,131,0,0,0,0,0,0
1357,131,0,0,0,0,0,0
1358,131,0,0,0,0,0,0
1359,131,0,0,0,0,0,0
1360,131,0,0,0,0,0,0
1361,131,0,0,0,0,0,0
1362,132,0,0,1,0,0,1
1363,132,0,0,0,0,0,0
1364,132,0,0,0,0,0,0
1365,132,0,0,0,0,0,0
1366,132,0,1,0,1,1,1
1367,132,1,1,0,0,0,1
1368,132,0,0,0,0,0,0
1369,132,0,0,0,0,0,0
1370,132,0,0,0,0,0,0
1371,132,0,0,0,0,0,0
1372,133,0,0,0,0,0,0
1373,133,1,1,1,0,1,1
1374,133,0,0,0,0,0,0
1375,133,0,0,0,0,0,0
1376,133,0,0,0,0,0,0
1377,133,0,0,0,0,0,0
1378,133,0,0,0,0,0,0
1379,133,0,0,0,0,0,0
1380,133,0,0,0,0,0,0
1381,133,0,0,0,0,0,0
1382,133,0,0,0,0,0,0
1383,133,0,0,0,0,0,0
1384,134,0,0,0,0,0,0
1385,134,0,0,0,0,0,0
1386,134,0,1,0,0,1,1
1387,134,0,1,1,0,1,1
1388,134,0,0,0,0,0,0
1389,134,0,0,0,0,0,0
1390,134,0,0,0,0,0,0
1391,134,0,0,0,0,0,0
1392,134,0,0,0,0,0,0
1393,134,0,0,0,0,0,0
1394,134,1,0,0,0,0,1
1395,135,0,0,0,0,0,0
1396,135,0,0,0,0,0,0
1397,135,0,0,0,0,0,0
1398,135,0,0,0,0,0,0
1399,135,0,0,0,0,0,0
1400,135,0,0,0,0,0,0
1401,135,0,0,0,0,0,0
1402,135,0,0,0,0,0,0
1403,135,0,0,0,0,0,0
1404,135,0,0,0,0,0,0
1405,136,0,0,0,0,0,0
1406,136,0,0,0,0,0,0
1407,136,0,0,0,0,0,0
1408,136,0,0,0,0,0,0
1409,136,0,0,0,0,0,0
1410,136,0,0,0,0,0,0
1411,136,0,0,0,0,0,0
1412,136,0,0,0,0,0,0
1413,136,0,0,0,0,0,0
1414,136,0,0,0,0,0,0
1415,136,0,0,0,0,0,0
1416,136,0,0,0,0,0,0
1417,136,0,0,0,0,0,0
1418,137,0,0,0,0,0,0
1419,137,1,1,0,0,0,1
1420,137,0,0,0,0,0,0
1421,137,0,0,0,0,0,0
1422,137,0,0,0,0,0,0
1423,137,0,0,0,0,0,0
1424,137,0,0,0,0,0,0
1425,137,0,0,0,0,0,0
1426,137,0,0,0,0,0,0
1427,138,0,0,0,0,0,0
1428,138,0,0,0,0,0,0
1429,138,0,0,0,0,0,0
1430,138,0,0,0,0,0,0
1431,138,0,0,0,0,0,0
1432,138,0,0,0,0,0,0
1433,139,0,0,0,0,0,0
1434,139,0,0,0,0,0,0
1435,139,0,,,0,0,0
1436,139,0,0,0,0,0,0
1437,139,0,1,0,1,0,1
1438,139,0,0,0,0,0,0
1439,139,0,0,0,0,0,0
1440,139,0,0,,,0,0
1441,140,1,1,1,1,0,1
1442,140,0,0,0,0,0,0
1443,140,0,0,0,0,0,0
1444,140,0,0,0,0,0,0
1445,140,0,0,0,0,0,0
1446,140,0,0,0,0,0,0
1447,140,0,0,0,0,0,0
1448,140,0,1,0,0,0,1
1449,140,0,0,0,0,0,0
1450,140,0,0,0,0,0,0
1451,140,0,0,0,0,0,0
1452,140,0,0,0,0,0,0
1453,140,0,0,0,0,0,0
1454,140,0,0,0,0,0,0
1455,140,0,0,0,0,0,0
1456,140,0,0,0,0,0,0
1457,141,0,0,0,0,0,0
1458,141,0,0,0,0,0,0
1459,141,0,0,0,0,0,0
1460,141,1,1,1,0,0,1
1461,141,0,0,0,0,0,0
1462,141,0,0,0,0,0,0
1463,141,0,0,0,0,0,0
1464,141,0,0,0,0,0,0
1465,141,1,1,1,1,0,1
1466,141,0,0,0,0,0,0
1467,141,0,0,0,0,0,0
1468,141,0,0,0,0,0,0
1469,141,0,0,0,0,0,0
1470,142,0,0,0,0,0,0
1471,142,1,0,0,0,0,1
1472,142,0,0,0,0,0,0
1473,142,0,0,0,0,0,0
1474,142,0,0,0,1,1,1
1476,142,0,0,1,0,0,1
1477,142,0,0,0,0,0,0
1478,142,0,0,0,0,0,0
1479,142,0,0,0,,1,1
1480,142,0,0,0,0,0,0
1481,142,0,0,0,0,0,0
1482,143,0,1,0,0,0,1
1483,143,1,1,0,0,0,1
1484,143,0,0,0,0,0,0
1485,143,1,0,0,0,0,1
1486,143,0,0,0,0,0,0
1487,143,1,1,0,0,0,1
1488,144,0,0,0,0,0,0
1489,144,0,0,0,0,0,0
1490,144,0,0,0,0,0,0
1491,144,0,0,0,0,0,0
1492,144,0,0,0,0,0,0
1493,144,0,0,0,0,0,0
1494,144,0,0,0,0,0,0
1495,144,0,0,0,0,0,0
1496,144,0,0,0,0,0,0
1497,144,0,0,0,0,0,0
1498,145,0,0,0,0,0,0
1499,145,0,0,0,0,0,0
1500,145,0,0,0,0,0,0
1501,145,0,0,0,0,0,0
1502,145,0,0,0,0,0,0
1503,145,0,0,0,0,0,0
1504,145,0,0,0,0,0,0
1505,145,0,0,0,0,0,0
1506,145,0,0,0,0,0,0
1507,145,0,0,0,0,0,0
1508,145,0,0,0,0,0,0
1509,146,0,0,0,0,0,0
1510,146,0,0,0,0,0,0
1511,146,0,0,0,0,0,0
1512,146,0,0,0,0,0,0
1513,146,0,0,0,0,0,0
1514,146,0,0,0,0,0,0
1515,146,0,0,0,0,0,0
1516,146,0,0,0,0,0,0
1517,146,0,0,0,0,0,0
1518,147,0,0,0,0,0,0
1519,147,0,0,0,0,0,0
1520,147,0,0,0,0,0,0
1521,147,0,0,0,0,0,0
1522,147,0,0,0,0,0,0
1523,147,0,0,0,0,0,0
1524,147,0,0,0,0,0,0
1525,147,0,0,0,0,0,0
1526,147,0,0,0,0,0,0
1527,148,0,0,0,0,0,0
1528,148,0,0,0,0,0,0
1529,148,0,0,0,0,0,0
1530,148,0,0,0,0,0,0
1531,148,0,0,0,0,0,0
1532,148,0,1,0,1,0,1
1533,148,0,0,0,0,0,0
1534,148,0,0,0,0,0,0
1535,148,0,0,0,0,0,0
1536,148,0,0,0,0,0,0
1537,148,0,0,0,0,0,0
1538,149,0,0,0,0,0,0
1539,149,0,0,,,0,0
1540,149,0,0,0,0,0,0
1541,149,0,0,0,0,0,0
1542,149,0,0,0,0,0,0
1543,149,0,0,0,0,0,0
1544,149,0,0,0,0,0,0
1545,149,0,0,0,0,0,0
1546,149,0,0,0,0,0,0
1547,149,0,0,0,0,0,0
1548,150,0,0,0,0,0,0
1549,150,0,0,0,0,0,0
1550,150,0,0,0,0,0,0
1551,150,0,0,0,0,0,0
1552,150,1,0,0,1,0,1
1553,150,0,0,0,0,0,0
1554,150,0,0,0,0,0,0
1555,150,0,0,0,0,0,0
1556,151,1,0,0,1,1,1
1557,151,0,0,0,0,0,0
1558,151,0,0,0,0,0,0
1559,151,0,0,0,0,0,0
1560,151,0,0,0,0,0,0
1561,151,0,0,0,0,0,0
1562,152,0,0,0,0,0,0
1563,152,0,0,0,0,0,0
1564,152,0,0,0,0,0,0
1565,152,0,0,0,0,0,0
1566,152,0,0,0,0,0,0
1567,152,0,0,0,0,0,0
1568,152,0,0,0,0,0,0
1569,152,0,0,0,0,0,0
1570,152,0,0,0,0,0,0
1571,152,0,0,0,0,0,0
1572,152,0,0,0,0,0,0
1573,152,0,0,0,0,0,0
1574,152,1,1,1,0,1,1
1575,152,0,0,0,0,0,0
1576,152,0,0,0,0,0,0
1577,152,0,0,0,0,0,0
1578,152,0,0,0,0,0,0
1579,153,0,1,0,0,0,1
1580,153,0,0,0,0,0,0
1581,153,0,0,0,0,0,0
1582,153,0,0,0,0,0,0
1583,153,0,0,0,0,0,0
1584,153,0,0,0,0,0,0
1585,153,0,0,0,0,0,0
1586,153,0,0,0,0,0,0
1587,153,0,0,0,0,0,0
1588,153,0,0,0,0,0,0
1589,153,0,0,0,0,0,0
1590,153,0,0,0,0,0,0
1591,154,0,0,0,0,0,0
1592,154,0,0,0,0,0,0
1593,154,1,1,0,1,0,1
1594,154,0,0,0,0,0,0
1595,154,0,0,0,0,0,0
1596,154,0,0,0,0,0,0
1597,154,0,0,0,0,0,0
1598,154,0,0,0,0,0,0
1599,154,0,0,0,0,0,0
1600,154,0,0,0,0,0,0
1601,154,0,0,0,0,0,0
1602,154,0,0,0,0,0,0
1603,154,0,0,0,0,0,0
1604,154,0,0,0,0,0,0
1605,155,1,0,1,0,0,1
1606,155,0,0,0,0,0,0
1607,155,0,0,0,0,0,0
1608,155,0,0,0,0,0,0
1609,156,0,0,0,0,0,0
1610,156,0,0,0,0,0,0
1611,156,0,1,0,0,0,1
1612,156,0,0,0,0,0,0
1613,156,0,0,0,0,0,0
1614,156,0,0,0,0,0,0
1615,156,0,1,0,0,0,1
1616,156,0,0,0,0,0,0
1617,156,0,0,0,0,0,0
1618,157,0,0,0,0,0,0
1619,157,0,0,0,0,0,0
1620,157,0,0,0,0,0,0
1621,157,0,0,0,0,0,0
1622,157,0,0,0,0,0,0
1623,157,0,0,0,0,0,0
1624,157,0,0,0,0,0,0
1625,157,0,0,0,0,0,0
1626,157,1,0,0,0,0,1
1627,158,0,0,0,0,0,0
1628,158,0,0,0,0,0,0
1629,158,0,0,0,0,0,0
1630,158,0,0,0,0,0,0
1631,158,0,0,0,0,0,0
1632,158,0,0,0,0,0,0
1633,158,0,0,0,0,0,0
1634,158,0,0,0,0,0,0
1635,159,0,0,0,0,0,0
1636,159,0,0,0,0,0,0
1637,159,0,0,0,0,0,0
1638,159,0,0,0,0,0,0
1639,159,0,0,0,0,0,0
1640,159,0,0,0,0,0,0
1641,159,0,0,0,0,0,0
1642,160,0,0,0,0,0,0
1643,160,0,0,0,0,0,0
1644,160,0,0,0,0,0,0
1645,161,0,0,0,0,0,0
1646,161,0,0,0,1,0,1
1647,161,0,0,0,0,0,0
1648,161,0,0,0,0,0,0
1649,161,0,1,1,0,0,1
1650,161,1,0,0,1,0,1
1651,161,0,0,0,0,0,0
1652,161,0,0,0,0,0,0
1653,161,0,0,0,0,0,0
1654,161,0,0,0,0,0,0
1655,161,0,0,0,0,0,0
1656,161,0,0,0,0,0,0
1657,161,0,0,0,0,0,0
1658,162,0,0,0,0,0,0
1659,162,0,0,0,0,0,0
1660,162,0,0,0,0,0,0
1661,162,0,0,0,0,0,0
1662,162,0,0,0,0,0,0
1663,162,0,1,0,0,0,1
1664,162,0,0,0,0,0,0
1665,162,0,0,0,0,0,0
1666,162,0,0,0,0,0,0
1667,162,0,0,0,1,0,1
1668,162,0,0,0,0,0,0
1669,162,0,0,0,0,0,0
1670,163,0,0,0,0,0,0
1671,163,0,0,0,0,0,0
1672,163,0,0,0,0,0,0
1673,163,0,0,0,0,0,0
1674,163,0,0,0,0,0,0
1675,163,0,0,0,0,0,0
1676,163,0,0,0,0,0,0
1677,163,0,0,0,0,0,0
1678,163,0,0,0,0,0,0
1679,163,0,0,0,0,0,0
1680,163,0,0,0,0,0,0
1681,163,0,0,0,0,0,0
1682,164,0,0,0,0,0,0
1683,164,0,0,0,0,0,0
1684,164,1,0,1,1,0,1
1685,164,0,0,0,0,0,0
1686,164,0,0,0,0,0,0
1687,164,0,0,0,0,0,0
1688,164,0,0,0,0,0,0
1689,164,0,0,0,0,0,0
1690,164,0,0,0,0,0,0
1691,164,0,0,0,0,0,0
1692,164,0,0,0,0,0,0
1693,164,0,0,0,0,0,0
1694,165,0,0,0,0,0,0
1695,165,0,0,0,0,0,0
1696,165,0,0,0,0,0,0
1697,165,0,0,0,0,0,0
1698,165,0,0,0,0,0,0
1699,165,0,0,0,0,0,0
1700,165,0,0,0,0,0,0
1701,165,0,0,0,0,0,0
1702,165,0,0,0,0,0,0
1703,165,0,0,0,0,0,0
1704,165,0,0,0,0,0,0
1705,165,0,0,0,0,0,0
1706,166,1,1,1,1,0,1
1707,166,0,0,0,0,0,0
1708,166,1,0,0,1,0,1
1709,166,0,0,0,1,0,1
1710,166,1,1,1,1,0,1
1711,166,0,0,0,0,0,0
1712,166,0,0,0,0,0,0
1713,166,0,1,0,0,0,1
1714,166,0,0,0,0,0,0
1715,166,0,0,0,0,0,0
1716,166,0,0,0,0,0,0
1717,167,0,0,0,0,0,0
1718,167,0,0,0,0,0,0
1719,167,0,0,0,0,0,0
1720,167,0,0,0,0,0,0
1721,167,0,0,0,0,0,0
1722,167,0,0,0,0,0,0
1723,167,0,0,0,0,0,0
1724,167,0,0,0,0,0,0
1725,167,0,0,0,0,0,0
1726,168,0,0,0,0,0,0
1727,168,0,0,0,0,0,0
1728,168,0,0,0,0,0,0
1729,168,0,0,0,0,0,0
1730,168,0,0,0,0,0,0
1731,168,0,0,0,0,0,0
1732,168,0,1,1,0,0,1
1733,168,0,0,0,0,0,0
1734,168,1,0,1,0,0,1
1735,168,1,1,1,1,0,1
1736,168,0,0,0,0,0,0
1737,168,0,0,0,0,0,0
1738,169,0,0,0,0,0,0
1739,169,0,0,0,0,0,0
1740,169,0,0,0,0,0,0
1741,169,0,0,0,0,0,0
1742,169,0,0,0,0,0,0
1743,169,0,0,0,0,0,0
1744,169,0,0,0,0,0,0
1745,169,0,0,0,1,0,1
1746,169,0,0,0,0,0,0
1747,169,0,0,0,0,0,0
1748,169,0,0,0,0,0,0
1749,169,0,0,0,0,0,0
1750,169,0,0,0,0,0,0
1751,170,0,0,0,0,0,0
1752,170,0,0,0,0,0,0
1753,170,0,0,0,0,0,0
1754,170,0,0,0,0,0,0
1755,170,0,0,0,0,0,0
1756,170,0,0,0,0,0,0
1757,170,0,0,0,0,0,0
1758,170,0,0,0,0,0,0
1759,170,0,0,0,0,0,0
1760,170,1,1,1,1,1,1
1761,170,0,0,0,0,0,0
1762,170,0,0,0,0,0,0
1763,170,0,0,0,0,0,0
1764,170,0,0,0,0,0,0
1765,170,0,0,0,0,0,0
1766,170,0,0,0,0,0,0
1767,171,0,0,0,0,0,0
1768,171,0,0,0,0,0,0
1769,171,0,0,0,0,0,0
1770,171,0,0,0,0,0,0
1771,171,0,0,0,0,0,0
1772,171,0,0,0,0,0,0
1773,171,0,0,0,0,0,0
1774,171,0,0,0,0,0,0
1775,171,0,0,0,0,0,0
1776,171,,,0,0,0,0
1777,171,0,0,0,0,0,0
1778,171,0,0,0,0,0,0
1779,171,0,0,0,0,0,0
1780,171,0,0,0,0,0,0
1781,171,0,0,0,0,0,0
1782,171,0,0,0,0,0,0
1783,171,0,0,0,0,0,0
1784,171,0,0,0,0,0,0
1785,171,0,0,0,0,0,0
1786,171,0,0,0,0,0,0
1787,172,0,1,0,0,0,1
1788,172,0,1,0,0,0,1
1789,172,0,0,0,0,0,0
1790,172,0,0,0,0,0,0
1791,172,0,0,0,0,0,0
1792,172,0,1,1,0,0,1
1793,172,0,0,0,0,0,0
1794,172,1,1,1,1,0,1
1795,173,0,0,0,0,0,0
1796,173,0,0,0,0,0,0
1797,173,0,0,0,0,0,0
1798,173,0,0,0,0,0,0
1799,173,0,0,0,0,0,0
1800,173,0,0,0,0,0,0
1801,173,0,0,0,0,0,0
1802,173,0,0,0,0,0,0
1803,173,1,1,0,0,0,1
1804,173,1,1,1,0,0,1
1805,173,0,0,0,0,0,0
1806,173,0,0,0,0,0,0
1807,174,0,0,0,0,0,0
1808,174,0,0,0,0,0,0
1809,174,0,0,0,0,0,0
1810,174,0,0,0,0,0,0
1811,174,0,0,0,0,0,0
1812,174,0,0,0,0,0,0
1813,174,0,0,0,0,0,0
1814,174,0,0,0,0,0,0
1815,174,0,0,0,0,0,0
1816,174,0,0,0,0,0,0
1817,174,0,0,0,0,0,0
1818,174,0,0,0,0,0,0
1819,174,0,0,0,0,0,0
1820,175,0,0,0,0,0,0
1821,175,0,0,0,0,0,0
1822,175,0,0,0,0,0,0
1823,175,0,0,0,0,0,0
1824,175,0,0,0,0,0,0
1825,175,0,0,0,0,0,0
1826,175,0,0,0,0,0,0
1827,175,0,0,0,0,0,0
1828,175,0,0,0,0,0,0
1829,176,0,0,0,0,0,0
1830,176,0,0,0,0,0,0
1831,176,0,0,0,0,0,0
1832,176,0,0,0,0,0,0
1833,176,0,0,0,0,0,0
1834,176,0,0,0,0,0,0
1835,177,0,0,0,0,0,0
1836,177,0,0,0,0,0,0
1837,177,0,0,0,0,0,0
1838,177,0,0,0,0,0,0
1839,177,1,1,0,0,0,1
1840,177,0,0,0,0,0,0
1841,177,0,0,1,0,0,1
1842,177,0,1,1,0,0,1
1843,177,1,1,0,0,0,1
1844,177,0,0,0,0,0,0
1845,177,0,0,0,0,0,0
1846,177,0,0,0,0,0,0
1847,177,0,0,0,0,0,0
1848,177,0,0,1,0,0,1
1849,178,0,0,0,0,0,0
1850,178,0,0,0,0,0,0
1851,178,0,0,0,0,0,0
1852,178,0,0,0,0,0,0
1853,178,0,0,0,0,0,0
1854,179,0,0,0,0,0,0
1855,179,0,0,0,0,0,0
1856,179,0,0,0,0,0,0
1857,179,1,1,1,1,1,1
1858,179,0,0,0,0,0,0
1859,179,0,0,0,0,0,0
1860,179,0,0,0,0,0,0
1861,179,0,0,0,0,0,0
1862,179,0,0,0,0,0,0
1863,180,0,0,0,0,0,0
1864,180,0,0,0,0,0,0
1865,180,0,0,0,0,0,0
1866,180,0,0,0,0,0,0
1867,180,0,0,0,0,0,0
1868,180,0,0,0,0,0,0
1869,180,0,0,0,0,0,0
1870,180,1,1,1,0,0,1
1871,180,0,0,0,1,0,1
1872,181,0,0,0,0,0,0
1873,181,0,0,0,0,0,0
1874,181,0,0,0,0,0,0
1875,181,0,0,0,0,0,0
1876,181,0,0,0,0,0,0
1877,181,0,0,1,0,0,1
1878,181,0,0,0,0,0,0
1879,182,0,0,0,0,0,0
1880,182,0,0,0,0,0,0
1881,182,1,0,1,1,0,1
1882,182,0,0,0,0,0,0
1883,182,0,1,0,0,0,1
1884,182,0,0,0,0,0,0
1885,182,0,0,0,0,0,0
1886,182,0,0,0,0,0,0
1887,182,0,0,0,0,0,0
1888,182,0,0,0,0,0,0
1889,183,0,0,0,0,0,0
1890,183,1,0,0,0,0,1
1891,183,0,0,0,0,0,0
1892,183,0,0,0,0,0,0
1893,183,0,1,0,0,0,1
1894,183,0,0,0,0,0,0
1895,183,0,0,0,0,0,0
1896,183,0,0,0,0,0,0
1897,183,0,0,0,0,1,1
1898,183,0,0,0,0,0,0
1899,183,0,0,0,0,0,0
1900,183,0,0,0,0,0,0
1901,183,0,0,0,0,0,0
1902,183,0,0,0,0,0,0
1903,183,0,0,0,0,0,0
1904,183,0,0,0,0,0,0
1905,183,0,0,0,0,0,0
1906,183,0,0,0,0,0,0
1907,183,0,0,0,0,0,0
1908,183,0,0,0,0,0,0
1909,183,0,0,0,0,0,0
1910,183,0,0,0,0,0,0
1911,183,0,0,0,0,0,0
1912,184,0,0,0,0,0,0
1913,184,0,0,0,0,0,0
1914,184,0,0,0,0,0,0
1915,184,0,0,0,0,0,0
1916,184,0,0,0,0,0,0
1917,184,0,0,0,0,0,0
1918,184,0,0,0,0,0,0
1919,184,0,0,0,0,0,0
1920,184,1,0,0,0,0,1
1921,185,0,0,0,0,0,0
1922,185,0,0,0,0,0,0
1923,185,0,0,0,0,0,0
1924,185,1,1,1,1,1,1
1925,185,0,0,0,0,0,0
1926,185,0,0,0,0,0,0
1927,185,0,0,0,0,0,0
1928,185,0,0,0,0,0,0
1929,185,0,0,0,0,0,0
1930,186,0,0,0,0,0,0
1931,186,0,0,0,0,0,0
1932,186,0,0,0,0,0,0
1933,186,0,0,0,0,0,0
1934,186,0,0,0,0,0,0
1935,187,0,0,0,0,0,0
1936,187,0,0,0,0,0,0
1937,187,0,0,0,0,0,0
1938,187,0,0,0,0,0,0
1939,187,0,0,0,0,0,0
1940,187,0,0,0,0,0,0
1941,187,0,0,0,0,0,0
1942,187,0,0,0,0,0,0
1943,187,0,0,0,0,0,0
1944,187,0,0,0,0,0,0
1945,187,0,0,0,0,0,0
1946,188,0,0,0,0,0,0
1947,188,0,0,0,0,0,0
1948,188,0,0,0,0,0,0
1949,188,0,0,0,0,0,0
1950,188,0,0,0,0,0,0
1951,188,0,0,0,0,0,0
1952,188,0,0,0,0,0,0
1953,188,0,0,0,0,0,0
1954,188,0,0,0,0,0,0
1955,189,0,0,0,0,0,0
1956,189,0,0,0,0,0,0
1957,189,0,0,0,0,0,0
1958,189,1,1,1,0,0,1
1959,189,0,0,0,0,0,0
1960,190,0,0,0,0,0,0
1961,190,0,0,0,0,0,0
1962,190,0,0,0,0,0,0
1963,190,0,0,0,0,0,0
1964,190,0,0,0,0,0,0
1965,190,0,0,0,0,0,0
1966,190,0,1,0,0,0,1
1967,190,0,0,0,0,0,0
1968,190,0,0,0,0,0,0
1969,190,0,0,0,0,0,0
1970,190,0,0,0,0,0,0
1971,190,0,0,0,0,0,0
1972,190,0,0,0,0,0,0
1973,191,0,0,0,0,0,0
1974,191,0,0,0,0,0,0
1975,191,0,0,0,0,0,0
1976,192,0,0,0,0,0,0
1977,192,0,0,0,0,0,0
1978,192,0,0,0,0,0,0
1979,192,0,0,0,0,0,0
1980,192,0,0,0,0,0,0
1981,192,0,0,0,0,0,0
1982,192,0,0,0,0,0,0
1983,192,0,0,0,0,0,0
1984,192,0,0,0,0,0,0
1985,192,0,0,0,0,0,0
1986,192,0,0,0,0,0,0
1987,193,0,0,0,0,0,0
1988,193,0,0,0,0,0,0
1989,193,0,0,0,0,0,0
1990,193,0,0,0,0,0,0
1991,193,0,0,1,1,0,1
1992,193,0,0,0,0,0,0
1993,193,0,0,0,0,0,0
1994,193,0,0,0,0,0,0
1995,193,0,0,0,0,0,0
1996,193,0,0,0,0,0,0
1997,193,0,0,0,0,0,0
1998,193,0,0,0,0,0,0
1999,193,0,0,0,0,0,0
2000,193,0,0,0,0,0,0
2001,193,0,0,0,0,0,0
2002,194,0,0,0,0,0,0
2003,194,0,0,0,0,0,0
2004,194,0,0,0,0,0,0
2005,194,0,0,0,0,0,0
2006,194,0,0,0,0,0,0
2007,194,0,0,0,0,0,0
2008,194,0,0,0,0,0,0
2009,194,1,1,1,0,0,1
2010,194,0,0,0,0,0,0
2011,194,0,0,0,0,0,0
2012,194,0,0,0,0,0,0
2013,194,0,0,0,0,0,0
2014,194,0,0,0,0,0,0
2015,195,0,0,0,0,0,0
2016,195,0,0,0,0,0,0
2017,195,0,0,0,0,0,0
2018,195,0,1,0,0,0,1
2019,195,1,1,0,0,0,1
2020,195,0,0,0,0,0,0
2021,195,0,0,0,0,0,0
2022,195,0,0,0,0,0,0
2023,195,1,1,0,0,1,1
2024,195,0,0,0,0,0,0
2025,195,0,0,0,0,0,0
2026,195,0,0,0,0,0,0
2027,196,0,0,0,0,0,0
2028,196,0,0,0,0,0,0
2029,196,0,0,0,0,0,0
2030,196,0,0,0,0,0,0
2031,196,0,0,0,0,0,0
2032,196,0,0,0,0,0,0
2033,196,0,0,0,0,0,0
2034,196,0,0,0,0,0,0
2035,196,0,0,0,0,0,0
2036,196,0,0,0,0,0,0
2037,197,0,0,0,0,0,0
2038,197,0,0,0,0,0,0
2039,197,0,0,0,0,0,0
2040,197,0,0,0,0,0,0
2041,197,0,0,0,0,0,0
2042,198,0,0,0,0,0,0
2043,198,0,1,1,0,0,1
2044,198,0,0,0,0,0,0
2045,198,0,0,0,0,0,0
2046,198,0,0,0,0,0,0
2047,198,0,0,0,0,0,0
2048,199,0,0,0,0,0,0
2049,199,0,0,0,0,0,0
2050,199,0,0,1,1,0,1
2051,199,0,0,0,0,0,0
2052,199,0,0,0,0,0,0
2053,199,0,0,0,0,0,0
2054,199,0,0,0,0,0,0
2055,199,0,0,0,0,0,0
2056,200,0,0,0,0,0,0
2057,200,0,0,0,0,0,0
2058,200,0,0,0,0,0,0
2059,200,0,0,0,0,0,0
2060,200,0,0,0,0,0,0
2061,200,0,0,0,0,0,0
2062,200,0,0,0,0,0,0
2063,200,0,0,0,0,0,0
2064,200,0,0,0,0,0,0
2065,200,0,0,0,0,0,0
2066,200,0,0,0,0,0,0
2067,200,0,0,0,0,0,0
2068,200,0,0,0,0,0,0
2069,201,0,0,0,0,0,0
2070,201,0,0,0,0,0,0
2071,201,0,0,0,0,0,0
2072,201,0,0,0,0,0,0
2073,201,0,0,0,0,0,0
2074,201,0,0,0,0,0,0
2075,202,0,0,0,0,0,0
2076,202,0,0,0,0,0,0
2077,202,0,0,0,0,0,0
2078,202,0,0,0,0,0,0
2079,202,0,0,0,0,0,0
2080,202,0,0,0,0,0,0
2081,202,0,0,0,0,0,0
2082,202,0,0,0,0,0,0
2083,202,0,0,0,0,0,0
2084,202,0,0,0,0,0,0
2085,203,0,0,0,0,0,0
2086,203,0,0,0,0,0,0
2087,203,0,0,0,0,0,0
2088,203,0,0,0,0,0,0
2089,203,0,0,0,0,0,0
2090,203,0,0,0,0,0,0
2091,203,0,0,0,0,0,0
2092,203,0,0,0,0,0,0
2093,203,0,0,0,0,0,0
2094,203,0,0,0,0,0,0
2095,203,0,0,0,0,0,0
2096,204,0,1,0,0,0,1
2097,204,0,0,0,0,0,0
2098,204,0,0,1,0,1,1
2099,204,0,1,1,0,0,1
2101,204,0,0,0,0,0,0
2102,204,0,1,0,0,1,1
2103,204,1,1,1,0,1,1
2104,204,1,1,0,0,0,1
2105,204,0,0,0,,0,0
2106,205,0,0,0,0,0,0
2107,205,0,0,0,0,0,0
2108,205,1,1,1,0,0,1
2109,205,0,0,0,0,0,0
2110,205,1,1,1,0,1,1
2111,206,0,0,0,0,0,0
2112,206,0,0,0,0,0,0
2113,206,0,0,0,0,0,0
2114,206,0,0,0,0,0,0
2115,206,0,0,0,0,0,0
2116,206,0,1,0,0,0,1
2117,206,0,0,0,0,0,0
2118,206,0,0,0,0,0,0
2119,206,0,0,0,0,0,0
2120,206,0,0,0,0,0,0
2121,206,0,0,0,0,0,0
2122,206,0,0,0,0,0,0
2123,206,0,0,0,0,0,0
2124,206,0,0,0,0,0,0
2125,206,0,0,0,0,0,0
2126,206,0,0,0,0,0,0
2127,206,0,0,0,0,0,0
2128,206,0,0,0,0,0,0
2129,207,0,0,0,0,0,0
2130,207,0,0,0,0,0,0
2131,207,0,0,0,0,0,0
2132,207,0,0,0,0,0,0
2133,207,0,0,0,0,0,0
2134,207,0,0,0,0,0,0
2135,207,0,0,0,0,0,0
2136,207,0,0,0,0,0,0
2137,207,0,0,0,0,0,0
2138,207,0,0,0,0,0,0
2139,207,0,0,0,0,0,0
2140,207,0,0,0,0,0,0
2141,208,0,0,0,0,0,0
2142,208,1,0,0,0,0,1
2143,208,0,0,0,0,0,0
2144,209,0,0,0,0,0,0
2145,209,0,0,0,0,0,0
2146,209,0,0,0,0,0,0
2147,209,0,0,0,0,0,0
2148,209,0,0,0,0,0,0
2149,209,0,0,0,0,0,0
2150,209,0,0,0,0,0,0
2151,210,0,0,0,1,0,1
2152,210,0,0,0,0,0,0
2153,210,0,0,1,0,0,1
2154,210,0,1,1,0,0,1
2155,210,1,0,0,1,0,1
2156,210,0,0,0,0,0,0
2157,210,0,0,0,0,0,0
2158,210,0,1,0,0,0,1
2159,210,0,0,1,0,0,1
2160,210,1,0,0,1,0,1
2161,210,0,0,0,0,0,0
2162,210,0,0,0,0,0,0
2163,211,0,0,0,0,0,0
2164,211,0,0,0,0,0,0
2165,211,0,0,0,0,0,0
2166,211,0,0,0,0,0,0
2167,212,0,0,0,0,0,0
2168,212,1,1,1,0,1,1
2169,212,0,0,0,0,0,0
2170,212,0,0,0,0,0,0
2171,212,0,0,0,0,0,0
2172,212,1,0,0,0,0,1
2173,212,0,0,0,0,0,0
2174,212,1,1,1,0,0,1
2175,212,0,0,0,0,0,0
2176,212,1,1,1,0,1,1
2177,213,0,0,0,0,0,0
2178,213,0,0,0,0,0,0
2179,213,0,0,0,0,0,0
2180,213,0,0,1,1,0,1
2181,213,0,0,0,0,0,0
2182,213,1,0,0,0,0,1
2183,213,0,0,0,0,0,0
2184,213,0,0,0,0,0,0
2185,213,0,0,1,0,0,1
2186,213,,0,,,0,0
2187,213,0,0,0,0,0,0
2188,213,0,0,0,0,0,0
2189,213,0,0,0,0,0,0
2190,213,0,0,0,0,0,0
2191,214,0,0,0,0,0,0
2192,214,0,0,0,0,0,0
2193,214,0,0,0,0,0,0
2194,214,0,0,0,0,0,0
2195,214,0,1,0,0,1,1
2196,214,0,0,0,0,0,0
2197,214,0,0,0,0,0,0
2198,214,0,0,0,0,0,0
2199,214,0,0,0,0,0,0
2200,214,0,0,0,0,0,0
2201,214,0,0,0,0,0,0
2202,214,0,0,0,0,0,0
2203,214,0,0,0,0,0,0
2204,214,0,0,0,0,0,0
2205,214,0,0,0,0,0,0
2206,214,0,0,0,0,0,0
2207,215,0,0,0,0,0,0
2208,215,0,0,0,0,0,0
2209,215,0,0,0,0,0,0
2210,215,0,0,0,0,0,0
2211,215,0,0,0,0,0,0
2212,215,0,0,0,0,0,0
2213,215,0,0,0,0,0,0
2214,215,0,0,0,0,0,0
2215,215,0,0,0,0,0,0
2216,215,0,0,0,0,0,0
2217,215,0,0,0,0,0,0
2218,215,0,0,0,0,0,0
2219,216,0,0,0,0,0,0
2220,216,0,0,1,1,0,1
2221,216,0,0,0,0,0,0
2222,216,0,0,0,0,0,0
2223,216,0,0,0,0,0,0
2224,216,0,0,1,0,0,1
2225,216,0,0,0,0,0,0
2226,216,0,0,0,0,0,0
2227,216,0,0,0,0,0,0
2228,216,0,0,0,0,0,0
2229,216,0,0,0,0,0,0
2230,216,0,0,0,0,0,0
2231,216,0,0,0,0,0,0
2232,217,0,0,0,0,0,0
2233,217,0,0,0,0,0,0
2234,217,0,0,0,0,0,0
2235,217,0,0,0,0,0,0
2236,217,0,0,0,0,0,0
2237,217,0,0,0,0,0,0
2238,217,0,0,0,0,0,0
2239,217,0,0,0,0,0,0
2240,218,1,0,1,0,0,1
2241,218,0,0,0,0,0,0
2242,218,0,0,0,0,0,0
2243,218,0,0,0,0,0,0
2244,218,0,0,0,0,0,0
2245,218,0,0,0,0,0,0
2246,218,0,0,0,0,0,0
2247,218,0,0,0,0,0,0
2248,218,0,0,0,0,0,0
2249,218,0,0,0,0,0,0
2250,218,0,0,0,0,0,0
2251,218,0,0,0,0,0,0
2252,218,0,0,0,0,0,0
2253,219,0,1,0,0,0,1
2254,219,0,1,1,0,0,1
2255,219,0,0,0,0,0,0
2256,219,0,1,1,0,0,1
2257,219,0,0,0,0,0,0
2258,219,0,0,0,0,0,0
2259,219,0,0,0,0,0,0
2260,219,0,0,0,0,1,1
2261,219,0,0,0,0,0,0
2262,220,0,0,0,0,0,0
2263,220,0,0,0,0,0,0
2264,220,0,0,0,0,0,0
2265,220,0,0,0,0,0,0
2266,220,0,0,0,0,0,0
2267,220,0,0,0,0,0,0
2268,220,0,0,0,0,0,0
2269,220,0,0,0,0,0,0
2270,220,0,0,0,0,0,0
2271,220,0,0,0,0,0,0
2272,220,0,0,0,0,0,0
2273,220,0,0,0,0,0,0
2274,220,0,0,0,0,0,0
2275,221,0,0,0,0,0,0
2276,221,0,0,0,0,0,0
2277,221,0,0,0,0,0,0
2278,221,0,0,0,0,0,0
2279,221,0,0,0,0,0,0
2280,221,0,0,1,0,0,1
2281,221,0,0,0,0,0,0
2282,221,0,0,0,0,0,0
2283,221,0,0,0,0,0,0
2284,221,0,0,0,0,0,0
2285,221,1,0,0,0,0,1
2286,221,0,0,0,0,0,0
2287,221,0,0,0,0,0,0
2288,221,0,0,0,0,0,0
2289,222,0,0,0,0,0,0
2290,222,0,0,0,0,0,0
2291,222,0,0,0,0,0,0
2292,222,1,1,1,0,0,1
2293,222,0,1,0,0,0,1
2294,222,0,0,0,0,0,0
2295,222,0,0,0,0,0,0
2296,222,0,0,0,0,0,0
2297,222,1,1,1,0,0,1
2298,222,0,0,0,0,0,0
2299,222,0,0,1,1,0,1
2300,222,0,1,0,0,1,1
2301,223,0,0,0,0,0,0
2302,223,0,0,0,0,0,0
2303,223,0,0,0,0,0,0
2304,223,0,0,1,1,0,1
2305,223,0,0,1,1,0,1
2306,223,0,0,0,0,0,0
2307,223,0,0,0,0,0,0
2308,223,0,0,0,0,0,0
2309,223,0,0,0,0,0,0
2310,223,0,0,0,0,0,0
2311,223,0,0,0,0,0,0
2312,223,0,0,0,0,0,0
2313,223,0,0,0,0,0,0
2314,224,0,0,0,0,0,0
2315,224,0,0,0,0,0,0
2316,224,0,0,0,0,0,0
2317,224,1,0,1,1,0,1
2318,224,0,0,0,0,0,0
2319,224,0,0,0,0,0,0
2320,224,0,0,0,0,0,0
2321,224,0,0,0,1,0,1
2322,224,0,1,1,1,0,1
2323,224,0,1,0,0,0,1
2324,224,0,0,0,0,0,0
2325,224,0,0,0,0,0,0
2326,225,0,0,0,0,0,0
2327,225,0,0,0,0,0,0
2328,225,0,0,0,0,0,0
2329,225,0,0,0,0,0,0
2330,225,0,0,0,0,0,0
2331,225,0,0,0,0,0,0
2332,225,0,0,0,0,0,0
2333,225,0,0,0,0,0,0
2334,225,0,0,0,0,0,0
2335,225,0,0,0,0,0,0
2336,226,0,0,0,0,0,0
2337,226,0,0,0,0,0,0
2338,226,0,0,0,0,0,0
2339,226,0,0,0,0,0,0
2340,226,0,0,0,0,0,0
2341,226,0,0,0,0,0,0
2342,226,0,0,0,0,0,0
2343,226,0,0,0,0,0,0
2344,227,0,0,0,0,0,0
2345,227,0,0,0,0,0,0
2346,227,0,0,0,0,0,0
2347,227,0,0,0,0,0,0
2348,227,0,0,0,0,0,0
2349,227,0,0,0,0,0,0
2350,227,0,0,0,0,0,0
2351,227,0,0,0,0,0,0
2352,227,0,0,0,0,0,0
2353,227,0,0,0,0,0,0
2354,227,0,0,0,0,0,0
2355,227,0,0,0,0,0,0
2356,228,0,0,0,0,0,0
2357,228,0,0,0,0,0,0
2358,228,0,0,0,0,0,0
2359,228,0,0,0,0,0,0
2360,228,0,0,0,0,0,0
2361,228,0,0,0,0,0,0
2362,228,0,0,0,0,0,0
2363,228,0,0,0,0,0,0
2364,228,0,0,0,0,0,0
2365,228,0,0,0,0,0,0
2366,228,0,0,0,0,0,0
2367,228,0,0,0,0,0,0
2368,228,0,0,0,0,0,0
2369,229,0,0,0,0,0,0
2370,229,0,0,0,0,0,0
2371,229,0,0,0,0,0,0
2372,229,0,0,0,0,0,0
2373,229,0,0,0,0,0,0
2374,229,0,0,0,0,0,0
2375,229,0,0,0,0,0,0
2376,229,0,0,0,0,0,0
2377,230,0,0,0,0,0,0
2378,230,0,0,0,0,0,0
2379,230,0,0,0,0,0,0
2380,230,0,0,0,0,0,0
2381,230,0,0,0,0,0,0
2382,230,0,0,0,0,0,0
2383,230,0,0,0,0,0,0
2384,230,0,0,0,0,0,0
2385,230,0,0,0,0,0,0
2386,230,0,0,0,0,1,1
2387,230,0,1,0,0,0,1
2388,230,0,0,0,0,0,0
2389,230,0,0,0,0,0,0
2390,231,0,1,1,1,1,1
2391,231,0,1,0,0,0,1
2392,231,0,0,0,0,0,0
2393,231,1,1,0,0,0,1
2394,231,0,0,0,0,0,0
2395,231,0,0,0,0,0,0
2396,231,0,0,0,0,0,0
2397,231,0,0,0,0,0,0
2398,231,0,0,0,0,0,0
2399,231,0,0,0,0,0,0
2400,231,0,0,0,0,0,0
2401,231,1,1,1,1,0,1
2402,231,0,0,0,0,0,0
2403,231,0,0,0,0,0,0
2404,231,0,0,0,0,0,0
2405,231,0,0,0,0,0,0
2406,231,,,,,1,1
2407,231,0,0,0,0,0,0
2408,232,0,0,0,0,0,0
2409,232,0,0,0,0,0,0
2410,232,0,0,0,0,0,0
2412,232,0,0,0,0,0,0
2413,232,0,0,0,0,0,0
2414,232,0,0,0,0,0,0
2415,232,0,0,0,0,0,0
2416,232,0,0,0,0,0,0
2417,233,0,0,0,0,0,0
2418,233,0,0,1,0,0,1
2419,233,0,0,0,0,0,0
2420,233,1,0,0,0,0,1
2421,233,0,0,0,0,0,0
2422,233,0,0,0,0,0,0
2423,233,1,1,0,0,0,1
2424,233,0,0,0,0,0,0
2425,233,0,0,0,0,0,0
2426,233,0,0,0,0,0,0
2427,233,0,0,0,0,0,0
2428,233,0,0,0,0,0,0
2429,234,0,0,0,0,0,0
2430,234,0,0,0,0,0,0
2431,234,0,0,0,0,0,0
2432,234,0,0,0,0,0,0
2433,234,0,0,0,0,0,0
2434,235,0,0,0,0,0,0
2435,235,0,0,0,0,0,0
2436,235,0,0,0,0,0,0
2437,235,0,0,0,0,0,0
2438,235,0,0,0,0,0,0
2439,235,0,0,0,0,0,0
2440,235,0,0,0,0,0,0
2441,235,0,0,0,0,0,0
2442,235,0,0,0,0,0,0
2443,235,0,0,0,0,0,0
2444,235,0,0,0,0,0,0
2445,235,0,0,0,0,0,0
2446,235,0,0,0,0,0,0
2447,235,0,0,0,0,0,0
2448,236,0,0,0,0,0,0
2449,236,0,0,0,0,0,0
2450,236,0,0,0,0,0,0
2451,236,0,0,0,1,0,1
2452,236,0,0,0,0,0,0
2453,236,0,0,0,0,0,0
2454,236,0,0,0,0,0,0
2455,236,0,0,0,0,0,0
2456,236,0,0,0,0,0,0
2457,236,0,0,0,0,0,0
2458,237,0,0,0,0,0,0
2459,237,1,1,1,0,0,1
2460,237,0,0,0,0,0,0
2461,237,0,0,0,0,0,0
2462,237,0,1,0,0,0,1
2463,237,0,0,0,0,0,0
2464,237,0,0,0,0,0,0
2465,237,0,0,0,0,0,0
2466,237,0,0,0,0,0,0
2467,237,0,0,0,0,0,0
2468,237,0,0,0,0,0,0
2469,237,0,0,0,0,0,0
2470,237,0,0,0,0,0,0
2471,237,0,0,0,0,0,0
2472,237,0,0,0,0,0,0
2473,237,1,1,0,1,0,1
2474,238,0,0,0,0,0,0
2475,238,0,0,0,0,0,0
2476,238,0,0,0,0,0,0
2477,238,0,0,0,0,0,0
2478,238,0,0,0,0,0,0
2479,238,0,0,0,0,0,0
2480,238,0,0,0,0,0,0
2481,239,0,0,0,0,0,0
2482,239,1,1,0,0,0,1
2483,239,0,0,0,0,0,0
2484,239,0,0,0,0,0,0
2485,239,0,1,0,0,0,1
2486,239,0,0,0,0,0,0
2487,239,0,0,0,0,0,0
2488,239,0,0,0,0,0,0
2489,239,0,1,1,0,1,1
2490,239,0,0,0,0,0,0
2491,239,0,0,0,0,0,0
2492,239,0,0,0,0,0,0
2493,239,0,1,0,0,0,1
2494,239,0,0,0,0,0,0
2495,239,0,0,0,0,0,0
2496,239,0,0,0,0,0,0
2497,239,0,0,0,0,0,0
2498,240,0,0,0,0,0,0
2499,240,0,0,0,0,0,0
2500,240,0,0,0,0,0,0
2501,240,0,0,0,0,0,0
2502,240,0,0,0,0,0,0
2503,240,0,0,0,0,0,0
2504,240,0,0,0,0,0,0
2505,240,1,1,1,0,0,1
2506,240,0,0,1,0,0,1
2507,240,0,0,0,0,0,0
2508,240,0,0,0,0,0,0
2509,241,0,0,0,0,0,0
2510,241,0,0,0,0,0,0
2511,241,0,0,0,0,0,0
2512,241,0,0,0,0,0,0
2513,241,0,0,0,0,0,0
2514,241,0,0,0,0,0,0
2515,241,0,0,0,0,0,0
2516,242,0,1,0,0,1,1
2517,242,0,0,0,0,0,0
2518,242,1,0,0,0,0,1
2519,242,1,0,0,0,0,1
2520,242,0,0,0,0,0,0
2521,242,0,0,0,0,0,0
2522,242,0,0,0,0,0,0
2523,242,0,0,0,0,0,0
2524,242,1,0,0,0,0,1
2525,242,0,0,0,0,0,0
2526,242,0,0,0,0,0,0
2527,242,0,1,1,0,1,1
2528,242,0,0,0,0,0,0
2529,243,0,0,0,0,0,0
2530,243,0,0,0,0,0,0
2531,243,0,1,0,0,0,1
2532,243,0,0,0,0,0,0
2533,243,0,0,0,0,0,0
2534,243,0,0,0,0,0,0
2535,244,0,0,0,0,0,0
2536,244,0,0,0,0,0,0
2537,244,0,0,0,0,0,0
2538,244,0,0,0,0,0,0
2539,244,0,0,0,0,0,0
2540,244,0,0,0,0,0,0
2541,244,0,0,0,0,0,0
2542,244,0,0,0,0,0,0
2543,244,0,0,0,0,0,0
2544,245,0,0,0,0,0,0
2545,245,0,0,0,0,0,0
2546,245,0,0,0,0,0,0
2547,245,0,0,0,0,0,0
2548,245,0,0,1,0,0,1
2549,245,0,0,0,0,0,0
2550,245,0,0,0,0,0,0
2551,245,0,0,0,0,0,0
2552,245,0,1,1,0,0,1
2553,245,0,1,0,0,0,1
2554,246,0,0,0,0,0,0
2555,246,0,0,0,0,0,0
2556,246,0,0,0,0,0,0
2557,246,0,0,0,0,0,0
2558,246,0,0,0,0,0,0
2559,246,0,0,0,0,0,0
2560,246,0,0,0,0,0,0
2561,246,0,0,0,0,0,0
2562,246,0,0,0,0,0,0
2563,246,0,0,0,0,0,0
2564,246,0,0,0,0,0,0
2565,246,0,0,0,0,0,0
2566,246,0,0,0,0,0,0
2567,247,0,0,0,0,0,0
2568,247,0,0,0,0,0,0
2569,247,0,0,0,0,0,0
2570,247,0,0,0,0,0,0
2571,247,0,0,0,0,0,0
2572,247,0,0,0,0,0,0
2573,247,0,0,0,0,0,0
2574,248,0,1,0,0,0,1
2575,248,0,0,0,0,0,0
2576,248,0,0,0,0,0,0
2577,248,0,0,0,0,0,0
2578,248,0,0,0,0,0,0
2579,248,0,0,0,0,0,0
2580,248,0,0,0,0,0,0
2581,248,0,1,0,0,0,1
2582,248,0,0,0,0,0,0
2583,248,0,0,0,0,1,1
2584,249,0,0,0,0,0,0
2585,249,0,0,0,0,0,0
2586,249,0,0,0,0,0,0
2587,249,0,0,0,0,0,0
2588,249,0,0,0,0,0,0
2589,249,0,0,0,0,0,0
2590,249,0,0,0,0,0,0
2591,249,0,0,0,0,0,0
2592,249,0,0,0,0,0,0
2593,249,0,0,0,0,0,0
2594,249,0,0,0,0,0,0
2595,250,0,0,0,0,0,0
2596,250,0,0,1,0,0,1
2597,250,0,0,0,0,0,0
2598,250,1,1,0,0,0,1
2599,250,0,0,0,0,0,0
2600,250,0,0,0,0,0,0
2601,250,0,0,0,0,0,0
2602,250,0,0,0,0,0,0
2603,250,0,0,0,0,0,0
2604,250,0,0,0,0,0,0
2605,250,0,0,0,0,0,0
2606,251,0,0,0,0,0,0
2607,251,0,0,0,0,0,0
2608,251,1,1,0,0,0,1
2609,251,0,0,0,0,0,0
2610,251,0,0,0,0,0,0
2611,251,0,0,0,0,0,0
2612,251,0,0,0,0,0,0
2613,251,0,0,0,0,0,0
2614,251,0,0,0,0,0,0
2615,251,0,0,0,0,0,0
2616,251,0,0,0,0,0,0
2617,251,0,0,0,0,0,0
2618,251,0,0,0,0,0,0
2619,251,0,0,0,0,0,0
2620,252,0,1,0,0,0,1
2621,252,0,0,0,0,0,0
2622,252,1,1,1,1,1,1
2623,252,0,1,0,0,0,1
2624,252,0,0,0,0,0,0
2625,252,0,0,0,1,1,1
2626,252,1,1,1,0,0,1
2627,252,0,0,0,0,0,0
2628,252,0,0,0,0,0,0
2629,252,0,1,1,1,0,1
2630,252,0,1,1,0,0,1
2631,253,0,0,0,0,0,0
2632,253,0,0,0,0,0,0
2633,253,0,0,0,0,0,0
2634,253,0,0,0,0,0,0
2635,253,0,0,0,0,0,0
2636,253,0,0,0,0,0,0
2637,253,0,0,0,0,0,0
2638,253,0,0,0,0,0,0
2639,253,0,0,0,0,0,0
2640,253,0,0,0,0,0,0
2641,253,0,0,0,0,0,0
2642,253,0,0,0,0,0,0
2643,254,0,0,0,0,0,0
2644,254,0,0,0,0,0,0
2645,254,0,0,0,0,0,0
2646,254,0,0,0,0,0,0
2647,254,0,0,0,0,0,0
2648,254,0,0,0,0,0,0
2649,254,0,0,0,0,0,0
2650,254,0,0,0,0,0,0
2651,254,0,1,1,0,1,1
2652,255,1,1,0,1,0,1
2653,255,1,1,1,0,0,1
2654,255,1,0,0,1,1,1
2655,255,0,1,1,0,0,1
2656,255,1,0,1,1,0,1
2657,255,1,0,0,,0,1
2658,255,1,0,1,0,0,1
2659,256,0,0,0,0,0,0
2660,256,0,0,0,0,0,0
2661,256,1,0,1,0,0,1
2662,256,0,0,0,0,0,0
2663,256,0,0,0,0,0,0
2664,256,0,0,0,0,0,0
2665,256,0,0,0,0,0,0
2666,256,0,0,0,0,0,0
2667,256,0,0,0,0,0,0
2668,257,0,0,0,0,0,0
2669,257,0,0,0,0,0,0
2670,257,0,0,0,0,0,0
2671,257,0,0,0,0,0,0
2672,257,0,0,0,0,0,0
2673,257,0,0,0,0,0,0
2674,257,0,0,0,0,0,0
2675,257,0,0,0,0,0,0
2676,257,0,0,0,0,0,0
2677,257,0,0,0,0,0,0
2678,257,0,0,0,0,0,0
2679,257,0,0,0,0,0,0
2680,257,0,0,0,0,0,0
2681,257,0,0,0,0,0,0
2682,257,0,0,0,0,0,0
2683,258,0,0,0,0,0,0
2684,258,0,0,0,0,0,0
2685,258,0,0,0,0,0,0
2686,258,1,1,0,0,0,1
2687,258,0,0,0,0,0,0
2688,258,0,1,0,1,0,1
2689,258,0,0,0,0,0,0
2690,258,0,0,0,0,0,0
2691,258,0,0,0,0,0,0
2692,258,0,0,0,0,0,0
2693,258,0,0,0,0,0,0
2694,258,0,0,0,0,0,0
2695,259,0,0,0,0,0,0
2696,259,0,0,0,0,0,0
2697,259,0,0,0,0,0,0
2698,259,0,0,0,0,0,0
2699,259,0,0,0,0,0,0
2700,259,0,0,0,1,0,1
2701,259,0,0,0,0,0,0
2702,259,0,0,0,0,0,0
2703,260,0,0,0,0,0,0
2704,260,0,0,0,0,0,0
2705,260,0,0,0,0,0,0
2706,260,0,0,0,0,0,0
2707,260,0,0,0,0,0,0
2708,261,0,0,0,0,0,0
2709,261,0,0,0,0,0,0
2710,261,0,0,0,0,0,0
2711,261,0,0,0,0,0,0
2712,261,0,0,0,0,0,0
2713,261,0,0,0,0,0,0
2714,261,0,0,0,0,0,0
2715,261,0,0,0,0,0,0
2716,261,0,0,0,0,0,0
2717,261,0,0,0,0,0,0
2718,261,0,0,0,0,0,0
2719,261,0,0,0,0,0,0
2720,262,0,0,0,0,0,0
2721,262,0,0,1,0,0,1
2722,262,0,0,0,0,0,0
2723,262,0,0,0,0,0,0
2724,262,1,1,0,0,0,1
2725,262,0,0,0,0,0,0
2726,262,0,0,0,0,0,0
2727,262,0,0,0,0,0,0
2728,262,0,0,0,0,0,0
2729,262,0,0,0,0,0,0
2730,263,0,0,0,0,0,0
2731,263,0,0,0,0,0,0
2732,263,0,0,0,0,0,0
2733,263,0,0,0,0,0,0
2734,263,0,0,0,0,0,0
2735,263,0,0,0,0,0,0
2736,263,0,0,0,0,0,0
2737,263,0,0,0,0,0,0
2738,264,0,0,0,0,0,0
2739,264,0,0,0,0,0,0
2740,264,0,0,0,0,0,0
2741,264,0,0,1,0,0,1
2742,264,0,0,0,0,0,0
2743,264,0,0,0,0,0,0
2744,264,0,0,0,0,0,0
2745,264,1,1,1,1,1,1
2746,264,0,1,1,1,0,1
2747,264,0,0,0,0,0,0
2748,264,0,0,0,0,0,0
2749,265,0,0,0,0,0,0
2750,265,0,0,0,0,0,0
2751,265,0,0,0,0,0,0
2752,265,0,0,0,0,0,0
2753,265,0,0,0,0,0,0
2754,265,0,0,0,0,0,0
2755,265,0,0,0,0,0,0
2756,266,0,0,0,0,0,0
2757,266,0,0,0,0,0,0
2758,266,0,0,0,0,0,0
2759,266,0,0,0,0,0,0
2760,266,0,0,0,0,0,0
2761,266,0,0,0,0,0,0
2762,266,0,0,0,0,0,0
2763,266,0,0,0,0,0,0
2764,266,0,0,0,0,0,0
2765,267,0,0,0,0,0,0
2766,267,0,0,0,0,0,0
2767,267,0,0,0,0,0,0
2768,267,0,0,0,0,0,0
2769,267,0,0,0,0,0,0
2770,267,0,0,0,0,0,0
2771,267,0,0,0,0,0,0
2772,267,0,0,0,0,0,0
2773,267,0,0,0,0,0,0
2774,267,0,0,0,0,0,0
2775,267,0,0,0,0,0,0
2776,268,0,0,0,0,0,0
2777,268,0,0,0,0,0,0
2778,268,0,0,0,0,0,0
2779,268,0,0,0,0,0,0
2780,268,0,0,0,0,0,0
2781,268,0,0,0,0,0,0
2782,268,0,0,0,0,0,0
2783,268,0,0,0,0,0,0
2784,268,0,0,0,0,0,0
2785,268,0,0,0,0,0,0
2786,268,0,0,0,0,0,0
2787,269,0,0,0,0,0,0
2788,269,0,0,0,0,0,0
2789,269,0,0,0,0,0,0
2790,269,0,0,0,0,0,0
2791,269,0,0,0,0,0,0
2792,269,0,0,0,0,0,0
2793,269,0,0,0,0,0,0
2794,269,0,0,0,0,0,0
2795,269,0,0,0,0,0,0
2796,270,0,0,0,0,0,0
2797,270,0,0,0,0,0,0
2798,270,0,0,0,0,0,0
2799,270,0,0,0,0,0,0
2800,270,0,1,0,0,0,1
2801,270,0,0,0,0,0,0
2802,270,0,0,0,0,0,0
2803,270,0,0,0,0,0,0
2804,270,0,0,0,0,0,0
2805,270,0,0,0,0,0,0
2806,270,0,0,0,0,0,0
2807,270,0,0,0,0,0,0
2808,271,0,0,0,0,0,0
2809,271,0,0,0,0,0,0
2810,271,0,0,0,0,0,0
2811,271,0,0,0,0,0,0
2812,271,0,0,0,0,0,0
2813,271,0,0,0,0,0,0
2814,271,0,0,0,0,0,0
2815,272,0,0,0,0,0,0
2816,272,0,0,0,0,0,0
2817,272,0,0,0,0,0,0
2818,272,0,0,0,0,0,0
2819,272,0,0,0,0,0,0
2820,272,0,0,0,0,0,0
2821,272,0,0,0,0,0,0
2822,272,0,0,0,0,0,0
2823,272,0,0,0,0,0,0
2824,272,0,0,0,0,0,0
2825,272,0,0,0,0,0,0
2826,273,0,0,0,0,0,0
2827,273,0,0,0,0,0,0
2828,273,0,0,0,0,0,0
2829,273,0,0,0,0,0,0
2830,273,0,0,0,0,0,0
2831,273,0,0,0,0,0,0
2832,273,0,1,0,0,0,1
2833,273,1,1,0,1,1,1
2834,273,1,1,1,1,1,1
2835,273,0,0,0,0,0,0
2836,273,0,0,0,0,0,0
2837,273,0,0,0,0,0,0
2838,273,0,0,0,0,0,0
2839,273,0,0,0,0,0,0
2840,273,0,0,0,0,0,0
2841,273,0,0,0,0,0,0
2842,274,0,0,0,0,0,0
2843,274,0,0,0,0,0,0
2844,274,0,0,0,0,0,0
2845,274,0,0,0,0,0,0
2846,274,0,0,1,0,0,1
2847,274,0,0,0,0,0,0
2848,274,0,0,0,0,0,0
2849,274,0,0,0,0,0,0
2850,274,1,1,1,1,1,1
2851,274,0,0,0,0,0,0
2852,274,0,0,0,0,0,0
2853,275,0,0,1,1,0,1
2854,275,0,0,0,0,0,0
2855,275,0,0,0,0,0,0
2856,275,1,1,1,1,0,1
2857,275,0,0,0,0,0,0
2858,275,0,0,0,0,0,0
2859,275,0,0,0,0,0,0
2860,275,0,0,0,0,0,0
2861,275,0,0,0,0,0,0
2862,275,0,0,0,0,0,0
2863,275,0,0,0,0,0,0
2864,275,0,0,0,0,0,0
2865,275,0,0,0,0,0,0
2866,275,0,0,0,0,0,0
2867,276,0,0,0,0,0,0
2868,276,0,0,0,0,0,0
2869,276,0,0,0,0,0,0
2870,276,0,0,0,0,0,0
2871,276,0,0,0,0,0,0
2872,276,0,0,0,0,0,0
2873,276,0,0,0,0,0,0
2874,276,0,0,0,0,0,0
2875,277,0,0,0,0,0,0
2876,277,0,0,0,0,0,0
2877,277,1,1,1,1,0,1
2878,277,0,0,0,0,0,0
2879,277,0,0,0,0,0,0
2880,277,0,0,0,0,0,0
2881,277,0,0,0,0,0,0
2882,277,0,0,0,0,0,0
2883,277,0,0,0,0,0,0
2884,278,0,0,0,0,0,0
2885,278,0,0,0,0,0,0
2886,278,1,0,0,0,0,1
2887,278,0,1,0,0,0,1
2888,278,0,0,0,0,0,0
2889,278,0,0,0,0,0,0
2890,278,0,0,0,0,0,0
2891,278,0,0,0,0,0,0
2892,278,0,0,0,0,0,0
2893,278,0,0,0,0,0,0
2894,278,0,0,0,0,0,0
2895,278,0,0,0,0,0,0
2896,278,0,0,0,0,0,0
2897,279,0,0,0,0,0,0
2898,279,0,1,0,0,1,1
2899,279,0,0,0,0,0,0
2900,279,0,0,0,0,0,0
2901,279,0,0,1,0,0,1
2902,279,0,0,0,0,0,0
2903,279,1,0,0,0,0,1
2904,279,1,1,1,0,1,1
2905,279,0,0,0,0,0,0
2906,279,0,0,1,,,1
2908,280,0,0,1,1,0,1
2909,280,0,0,0,0,0,0
2910,280,0,0,0,0,0,0
2911,280,0,0,0,0,0,0
2912,280,0,0,0,0,0,0
2913,280,0,0,0,0,0,0
2914,280,0,0,0,0,0,0
2915,280,0,0,0,0,0,0
2916,280,0,0,0,0,0,0
2917,280,0,0,0,0,0,0
2918,280,0,0,1,1,0,1
2919,280,1,1,1,1,1,1
2920,280,0,0,0,0,0,0
2921,281,0,0,0,0,0,0
2922,281,0,1,0,0,0,1
2923,281,0,0,0,0,0,0
2924,281,0,0,0,0,0,0
2925,281,0,0,0,,0,0
2926,281,0,0,0,0,0,0
2927,281,0,1,1,0,0,1
2928,281,0,0,0,0,0,0
2929,281,0,0,0,0,0,0
2930,281,0,0,0,0,0,0
2931,281,0,0,0,0,0,0
2932,281,0,0,0,0,0,0
2933,281,0,0,0,0,0,0
2934,281,0,0,0,0,0,0
2935,281,0,1,0,0,0,1
2936,281,1,1,0,0,0,1
2937,281,1,0,0,0,0,1
2938,282,0,0,0,0,0,0
2939,282,0,0,0,0,0,0
2940,282,0,0,0,0,0,0
2941,282,0,0,0,0,0,0
2942,282,0,0,0,0,0,0
2943,282,0,0,0,0,0,0
2944,282,0,0,0,0,0,0
2945,282,0,0,0,0,0,0
2946,282,0,0,0,0,0,0
2947,283,0,0,0,0,0,0
2948,283,0,0,0,0,0,0
2949,283,0,0,0,0,0,0
2950,283,0,0,0,0,0,0
2951,283,0,0,0,0,0,0
2952,283,0,0,0,0,0,0
2953,284,0,0,0,0,0,0
2954,284,0,0,0,0,0,0
2955,284,0,0,0,0,0,0
2956,284,0,0,0,0,0,0
2957,284,0,0,0,0,0,0
2958,284,0,0,0,0,0,0
2959,284,0,0,0,0,0,0
2960,284,0,0,0,0,0,0
2961,284,0,0,0,0,0,0
2962,284,0,0,0,0,0,0
2963,284,0,0,0,0,0,0
2964,284,0,0,0,0,0,0
2965,284,0,0,0,0,0,0
2966,285,0,0,0,0,0,0
2967,285,0,0,0,0,0,0
2968,285,0,0,0,0,0,0
2969,285,0,0,0,0,0,0
2970,285,0,0,0,0,0,0
2971,285,0,0,0,0,0,0
2972,285,0,0,0,0,0,0
2973,285,0,0,0,0,0,0
2974,285,0,0,0,0,0,0
2975,285,0,0,0,0,0,0
2976,285,0,0,0,0,0,0
2977,286,,,1,,1,1
2978,286,0,0,0,0,0,0
2979,286,0,0,0,0,1,1
2980,286,1,1,0,0,0,1
2981,286,0,0,0,0,0,0
2982,286,0,0,0,0,0,0
2983,287,0,1,0,0,0,1
2984,287,0,0,0,0,0,0
2985,287,0,0,0,0,0,0
2986,287,0,0,0,0,0,0
2987,287,0,0,0,0,0,0
2988,287,1,1,0,0,0,1
2989,287,0,0,0,0,0,0
2990,287,0,0,0,0,0,0
2991,288,0,0,0,0,0,0
2992,288,0,0,0,0,0,0
2993,288,0,0,0,0,0,0
2994,288,0,0,0,0,0,0
2995,288,0,0,0,0,0,0
2996,288,0,0,0,0,0,0
2997,288,0,0,0,0,0,0
2998,288,0,0,0,0,0,0
2999,288,0,0,0,0,0,0
3000,288,0,0,0,0,0,0
3001,289,0,1,0,0,0,1
3002,289,0,0,0,0,0,0
3003,289,0,0,0,0,1,1
3004,289,0,1,0,1,0,1
3005,289,0,0,0,0,0,0
3006,289,1,1,0,0,0,1
3007,289,0,0,0,0,0,0
3008,289,0,1,0,0,0,1
3009,290,0,0,0,0,0,0
3010,290,0,0,0,0,0,0
3011,290,0,0,0,0,0,0
3012,290,0,0,0,0,0,0
3013,290,0,0,0,0,0,0
3014,290,0,0,0,0,0,0
3015,290,0,0,0,0,0,0
3016,291,0,0,0,0,0,0
3017,291,0,0,0,0,0,0
3018,291,0,0,0,0,0,0
3019,291,0,0,0,0,0,0
3020,291,0,0,0,0,0,0
3021,291,0,0,0,0,0,0
3022,291,0,0,0,0,0,0
3023,291,0,0,0,0,0,0
3024,291,0,0,0,0,0,0
3025,291,0,0,0,0,0,0
3026,292,0,0,0,0,0,0
3027,292,0,0,0,0,0,0
3028,292,0,0,0,0,0,0
3029,292,1,1,1,0,0,1
3030,292,0,0,0,0,0,0
3031,292,0,0,0,0,0,0
3032,292,0,1,1,0,0,1
3033,292,0,0,0,0,0,0
3034,292,0,0,0,0,0,0
3035,292,1,0,0,0,0,1
3036,292,0,0,0,0,0,0
3037,292,1,1,1,0,0,1
3038,292,0,0,0,0,0,0
3039,293,1,0,1,1,0,1
3040,293,1,1,1,0,0,1
3041,293,0,1,0,0,1,1
3042,293,1,1,0,0,0,1
3043,293,1,1,1,1,0,1
3044,294,0,0,0,0,0,0
3045,294,0,0,0,0,0,0
3046,294,0,0,0,0,0,0
3047,294,0,0,0,0,0,0
3048,294,0,0,0,0,0,0
3049,294,0,0,0,0,0,0
3050,294,0,0,0,0,0,0
3051,294,0,0,0,0,0,0
3052,294,0,0,0,0,0,0
3053,294,0,0,0,0,0,0
3054,295,0,0,0,0,0,0
3055,295,0,0,0,0,0,0
3056,295,0,0,0,0,0,0
3057,295,0,0,0,0,0,0
3058,295,0,0,0,0,0,0
3059,295,0,0,0,0,0,0
3060,295,0,0,0,0,0,0
3061,295,0,0,0,0,0,0
3062,295,0,0,0,0,0,0
3063,296,0,0,0,0,0,0
3064,296,0,0,0,0,0,0
3065,296,0,0,0,0,0,0
3066,296,0,0,0,0,0,0
3067,296,0,0,0,0,0,0
3068,296,0,0,0,0,0,0
3069,296,0,0,0,,0,0
3070,296,0,0,0,0,0,0
3071,296,0,0,0,0,0,0
3072,296,0,0,0,0,0,0
3073,296,0,0,0,0,0,0
3074,296,0,0,0,0,0,0
3075,297,0,0,0,0,0,0
3076,297,0,0,0,0,0,0
3077,297,0,0,0,0,0,0
3078,297,0,0,0,0,0,0
3079,297,1,1,1,0,1,1
3080,297,0,0,0,0,0,0
3081,297,0,0,0,0,0,0
3082,297,0,0,0,0,0,0
3083,297,0,1,0,0,0,1
3084,297,0,0,0,0,0,0
3085,297,0,0,0,0,0,0
3086,297,0,1,0,0,1,1
3087,298,0,0,0,0,0,0
3088,298,0,0,0,0,0,0
3089,298,1,1,1,1,1,1
3090,298,0,0,0,0,0,0
3091,298,0,1,1,0,0,1
3092,298,1,1,1,1,1,1
3093,298,1,0,0,1,0,1
3094,298,1,1,1,1,1,1
3095,298,0,0,0,0,0,0
3096,298,1,1,1,1,0,1
3097,298,0,1,0,0,0,1
3098,298,1,1,1,1,0,1
3099,298,1,1,1,1,1,1
3100,298,0,0,0,0,0,0
3101,298,1,1,0,0,0,1
3102,298,0,1,0,1,0,1
3103,298,1,1,0,1,0,1
3104,299,1,1,1,1,0,1
3105,299,0,0,0,0,0,0
3106,299,0,0,0,0,0,0
3107,299,1,1,1,1,0,1
3108,299,0,0,0,0,0,0
3109,299,0,0,0,0,0,0
3110,299,0,0,0,0,0,0
3111,299,0,0,0,0,0,0
3112,299,0,0,0,0,0,0
3113,299,0,0,0,0,0,0
3114,299,1,1,1,1,0,1
3115,299,1,1,1,1,0,1
3116,299,0,0,0,0,0,0
3117,299,0,0,0,0,0,0
3118,299,0,0,0,0,0,0
3119,299,0,0,0,0,0,0
3120,299,0,0,0,0,0,0
3121,300,0,0,0,0,0,0
3122,300,0,0,0,0,0,0
3123,300,0,0,0,0,0,0
3124,300,0,0,0,0,0,0
3125,300,0,0,0,0,0,0
3126,300,0,0,0,0,0,0
3127,300,0,0,0,0,0,0
3128,301,1,1,1,0,1,1
3129,301,1,1,0,0,0,1
3130,301,0,1,0,0,0,1
3131,301,1,1,1,1,1,1
3132,301,0,0,1,0,0,1
3133,301,0,0,0,0,0,0
3134,301,0,1,1,0,0,1
3135,301,1,0,0,0,0,1
3136,301,0,0,0,0,0,0
3137,302,0,0,0,0,0,0
3138,302,0,0,0,0,0,0
3139,302,0,0,0,0,0,0
3140,302,0,0,0,0,0,0
3142,302,0,0,0,0,0,0
3143,302,0,0,0,0,0,0
3144,302,0,1,0,0,0,1
3145,302,1,1,0,1,0,1
3146,302,0,0,0,0,0,0
3147,302,0,0,0,0,0,0
3148,302,0,0,0,0,0,0
3149,302,0,0,0,0,0,0
3150,302,1,1,0,0,0,1
3151,302,0,0,0,0,0,0
3152,302,0,0,0,0,0,0
3153,303,0,0,0,0,0,0
3154,303,0,0,0,0,0,0
3155,303,0,0,0,0,0,0
3156,303,0,0,0,0,0,0
3157,303,0,0,0,0,0,0
3158,303,0,0,0,0,0,0
3159,303,0,0,0,0,0,0
3160,303,0,0,0,0,0,0
3161,303,0,0,0,0,0,0
3162,303,0,0,0,0,0,0
3163,303,0,0,0,0,0,0
3164,303,0,0,0,0,0,0
3165,304,0,0,0,0,0,0
3166,304,0,0,0,0,0,0
3167,304,0,0,0,0,0,0
3168,304,0,0,0,0,0,0
3169,304,0,0,0,0,0,0
3170,304,0,0,0,0,0,0
3171,304,0,0,0,0,0,0
3172,304,0,0,0,0,0,0
3173,304,0,0,0,0,0,0
3174,304,0,0,0,0,0,0
3175,305,0,0,0,0,0,0
3176,305,0,1,0,0,0,1
3177,305,0,0,0,0,0,0
3178,305,0,0,0,0,0,0
3179,305,0,0,0,0,0,0
3180,305,0,0,0,0,0,0
3181,305,0,0,0,0,0,0
3182,306,0,0,0,0,0,0
3183,306,0,0,0,0,0,0
3184,306,1,1,1,1,1,1
3185,306,0,0,0,0,0,0
3186,306,0,0,0,0,0,0
3187,306,0,0,0,0,0,0
3188,307,0,0,0,0,0,0
3189,307,0,0,0,0,0,0
3190,307,0,0,0,0,0,0
3191,307,0,0,0,0,0,0
3192,307,0,0,0,0,0,0
3193,307,0,0,0,0,0,0
3194,307,0,0,0,0,0,0
3195,307,0,0,0,0,0,0
3196,307,0,0,0,0,0,0
3197,307,0,0,0,0,0,0
3198,307,0,0,0,0,0,0
3199,307,0,0,0,0,0,0
3200,307,0,0,0,0,0,0
3201,307,0,0,0,0,0,0
3202,308,0,0,0,0,0,0
3203,308,0,0,0,0,0,0
3204,308,0,0,0,0,0,0
3205,308,1,1,1,0,0,1
3206,308,1,1,1,0,0,1
3207,308,0,0,0,0,0,0
3208,308,0,0,0,0,0,0
3209,308,0,0,0,0,0,0
3210,308,1,0,0,0,0,1
3211,309,0,0,0,0,0,0
3212,309,0,0,0,0,0,0
3213,309,0,0,0,0,0,0
3214,309,0,0,0,0,0,0
3215,309,0,0,0,0,0,0
3216,309,0,0,0,0,0,0
3217,309,0,0,0,0,0,0
3218,309,0,0,0,0,0,0
3219,309,0,0,0,0,0,0
3220,309,0,0,0,0,0,0
3221,309,0,0,0,0,0,0
3222,309,0,0,0,0,0,0
3223,309,0,0,0,0,0,0
3224,310,1,1,1,0,1,1
3225,310,1,0,1,1,0,1
3226,310,1,1,1,0,0,1
3227,310,0,1,0,0,0,1
3228,310,1,1,0,1,0,1
3229,310,0,1,0,0,0,1
3230,310,1,1,0,0,0,1
3231,310,0,0,0,0,0,0
3232,310,1,1,1,1,0,1
3233,310,0,0,0,0,0,0
3234,310,1,1,0,0,0,1
3235,310,0,1,0,0,0,1
3236,310,0,0,0,0,0,0
3237,310,1,1,1,0,0,1
3238,311,0,0,0,0,0,0
3239,311,0,0,0,0,0,0
3240,311,0,0,0,0,0,0
3241,311,0,0,0,0,0,0
3242,311,0,0,0,0,0,0
3243,311,0,0,0,0,0,0
3244,311,0,0,0,0,0,0
3245,312,0,0,0,0,0,0
3246,312,1,1,1,1,1,1
3247,312,0,0,0,0,0,0
3248,312,0,0,0,0,0,0
3249,312,0,0,0,0,0,0
3250,312,0,0,0,0,0,0
3251,312,0,0,0,0,0,0
3252,312,0,0,0,0,0,0
3253,312,0,0,0,0,0,0
3254,312,0,0,0,0,0,0
3255,312,0,0,0,0,0,0
3256,313,0,0,0,0,0,0
3257,313,0,0,0,0,0,0
3258,313,0,0,0,0,0,0
3259,313,0,0,0,0,0,0
3260,313,0,0,0,0,0,0
3261,313,0,0,0,0,0,0
3262,314,0,0,0,0,0,0
3263,314,0,0,0,0,0,0
3264,314,0,0,0,0,0,0
3265,314,0,0,0,0,0,0
3266,314,0,0,0,0,0,0
3267,314,0,0,0,1,0,1
3268,314,0,0,0,0,0,0
3269,314,0,0,0,0,0,0
3270,314,0,0,0,0,0,0
3271,314,0,0,0,0,0,0
3272,314,0,0,0,0,0,0
3273,314,0,0,0,0,0,0
3274,314,0,0,0,0,0,0
3275,314,0,0,0,0,0,0
3276,314,0,0,0,0,0,0
3277,315,0,0,0,0,0,0
3278,315,0,0,0,0,0,0
3279,315,0,1,0,0,0,1
3280,315,0,0,0,0,0,0
3281,315,0,0,0,0,0,0
3282,315,0,1,0,0,0,1
3283,315,0,0,0,0,0,0
3284,315,0,1,0,0,0,1
3285,315,0,0,0,0,0,0
3286,315,0,0,0,0,0,0
3287,315,0,0,0,0,0,0
3288,315,0,0,0,0,0,0
3289,316,0,0,0,0,0,0
3290,316,0,0,0,0,0,0
3291,316,0,0,0,0,0,0
3292,316,0,0,0,0,0,0
3293,316,0,0,0,0,0,0
3294,316,0,0,0,0,0,0
3295,316,0,0,0,0,0,0
3296,316,0,0,0,0,0,0
3297,316,0,0,0,0,0,0
3298,316,0,0,0,0,0,0
3299,316,0,0,0,0,0,0
3300,317,0,0,0,0,0,0
3301,317,0,0,0,0,0,0
3302,317,0,0,1,0,0,1
3303,317,0,0,0,0,0,0
3304,318,0,0,0,0,0,0
3305,318,0,0,0,0,0,0
3306,318,0,0,0,0,0,0
3307,318,0,0,0,0,0,0
3308,318,0,0,0,0,0,0
3309,318,0,0,0,0,0,0
3310,318,0,0,0,0,0,0
3311,318,0,0,0,0,0,0
3312,318,0,0,0,0,0,0
3313,318,0,0,0,0,0,0
3314,318,0,0,0,0,0,0
3315,319,0,0,0,0,0,0
3316,319,0,0,0,0,0,0
3317,319,1,1,0,1,0,1
3318,319,1,1,0,1,0,1
3319,319,1,1,0,1,0,1
3320,319,1,1,0,0,0,1
3321,319,1,1,0,1,0,1
3322,319,0,0,0,0,0,0
3323,319,1,1,0,1,0,1
3324,319,1,1,1,1,1,1
3325,319,1,1,1,1,1,1
3326,319,0,0,0,0,0,0
3327,319,1,1,0,1,0,1
3328,319,0,0,0,0,0,0
3329,319,0,0,0,0,0,0
3330,319,1,1,0,1,0,1
3331,319,0,0,0,1,0,1
3332,319,0,0,0,0,0,0
3333,320,0,0,0,0,0,0
3334,320,0,0,0,0,0,0
3335,320,0,0,0,0,0,0
3336,320,0,0,0,0,0,0
3337,320,0,0,0,0,0,0
3338,320,0,0,0,0,0,0
3339,320,0,0,0,0,0,0
3340,320,0,0,0,0,0,0
3341,320,0,0,0,0,0,0
3342,320,0,0,0,0,0,0
3343,320,0,0,0,0,0,0
3344,320,0,0,0,0,0,0
3345,320,0,0,0,0,0,0
3346,320,0,0,0,0,0,0
3347,320,0,0,0,0,0,0
3348,320,0,0,0,0,0,0
3349,320,0,0,0,0,0,0
3350,320,0,0,0,0,0,0
3351,321,0,0,0,0,0,0
3352,321,0,0,0,0,0,0
3353,321,0,0,1,1,0,1
3354,321,0,0,0,0,0,0
3355,321,0,0,0,0,0,0
3356,321,0,0,0,0,0,0
3357,322,0,0,0,0,0,0
3358,322,0,0,0,0,0,0
3359,322,0,0,0,0,0,0
3360,322,0,0,0,0,0,0
3361,322,0,0,0,0,0,0
3362,322,0,0,0,0,0,0
3363,322,0,0,0,0,0,0
3364,322,0,0,0,0,0,0
3365,322,0,0,0,0,0,0
3366,322,0,0,0,0,0,0
3367,322,0,0,0,0,0,0
3368,322,0,0,0,0,0,0
3369,322,0,0,0,1,0,1
3370,322,0,0,0,0,0,0
3371,322,0,0,0,0,0,0
3372,323,0,0,0,0,0,0
3373,323,0,0,0,0,0,0
3374,323,0,1,0,0,0,1
3375,323,1,1,0,0,0,1
3376,323,0,0,0,0,0,0
3377,323,0,0,0,0,0,0
3378,323,0,0,0,0,0,0
3379,323,0,0,0,0,0,0
3380,323,0,0,0,0,0,0
3381,323,0,1,0,0,0,1
3382,323,0,0,0,0,0,0
3383,323,0,0,0,0,0,0
3384,323,0,0,0,0,0,0
3385,323,0,0,0,0,0,0
3386,324,0,0,0,0,0,0
3387,324,0,0,0,0,0,0
3388,324,0,0,0,0,0,0
3389,324,0,0,0,0,0,0
3390,324,0,0,0,0,0,0
3391,324,0,0,0,0,0,0
3392,324,0,0,0,0,0,0
3393,324,0,0,0,0,0,0
3394,324,0,0,0,0,0,0
3395,324,0,0,0,0,0,0
3396,325,0,0,0,0,0,0
3397,325,0,0,0,0,0,0
3398,325,0,0,0,0,0,0
3399,325,0,0,0,0,0,0
3400,325,0,0,0,0,0,0
3401,325,0,0,0,0,0,0
3402,325,0,0,0,0,0,0
3403,326,0,0,0,0,0,0
3404,326,0,0,0,0,0,0
3405,326,0,0,0,0,0,0
3406,326,0,0,0,0,0,0
3407,326,0,0,0,0,0,0
3408,326,0,0,0,0,0,0
3409,326,0,0,0,0,0,0
3410,326,0,0,0,0,0,0
3411,326,0,0,0,0,0,0
3412,326,1,0,1,1,0,1
3413,327,0,0,0,0,0,0
3414,327,0,0,0,0,0,0
3415,327,0,0,0,0,0,0
3416,327,0,0,0,0,0,0
3417,327,0,0,0,0,0,0
3418,327,0,0,0,0,0,0
3419,327,0,0,0,0,0,0
3420,327,0,0,0,0,0,0
3421,327,0,0,0,0,0,0
3422,327,0,0,0,0,0,0
3423,327,0,0,0,0,0,0
3424,327,0,0,0,0,0,0
3425,327,0,0,0,0,0,0
3426,328,0,0,0,0,0,0
3427,328,0,0,0,0,0,0
3428,328,0,0,0,0,0,0
3429,328,0,0,0,0,0,0
3430,328,0,0,0,0,0,0
3431,328,0,0,0,0,0,0
3432,328,0,0,0,0,0,0
3433,328,0,0,0,0,0,0
3434,329,0,0,0,0,0,0
3435,329,0,0,0,0,0,0
3436,329,0,0,0,0,0,0
3437,329,0,0,0,0,0,0
3438,329,0,0,0,0,0,0
3439,329,0,0,0,0,0,0
3440,329,0,0,0,0,0,0
3441,329,0,0,0,0,0,0
3442,329,0,0,0,0,0,0
3443,329,0,0,0,0,0,0
3444,329,0,0,0,0,0,0
3445,329,0,0,0,0,0,0
3446,329,0,0,0,0,0,0
3447,329,0,0,0,0,0,0
3448,330,0,0,0,0,0,0
3449,330,0,0,0,0,0,0
3450,330,0,0,0,0,0,0
3451,330,0,0,0,0,0,0
3452,330,0,0,0,0,0,0
3453,330,0,0,0,0,0,0
3454,330,0,0,0,0,0,0
3455,330,0,0,0,0,0,0
3456,330,0,0,0,0,0,0
3457,331,0,0,0,0,0,0
3458,331,0,0,0,0,0,0
3459,331,0,0,0,0,0,0
3460,331,0,0,0,0,0,0
3461,331,0,0,0,0,0,0
3462,331,0,0,0,0,0,0
3463,331,0,0,0,0,0,0
3464,331,0,0,0,0,0,0
3465,332,0,0,0,0,0,0
3466,332,0,0,0,0,0,0
3467,332,0,0,0,0,0,0
3468,332,0,0,0,0,0,0
3469,332,0,0,0,0,0,0
3470,332,0,0,0,0,0,0
3471,332,0,0,0,0,0,0
3472,332,0,0,0,0,0,0
3473,332,0,0,0,0,0,0
3474,332,0,0,0,0,0,0
3475,332,0,0,0,0,0,0
3476,333,0,0,0,0,0,0
3477,333,0,0,0,0,0,0
3478,333,0,0,0,0,0,0
3479,333,0,0,0,0,0,0
3480,333,0,0,0,0,0,0
3481,333,0,0,0,0,0,0
3482,333,0,0,0,0,0,0
3483,333,0,1,0,0,0,1
3484,333,0,0,0,0,0,0
3485,333,0,1,0,0,0,1
3486,333,0,1,0,0,0,1
3487,333,0,0,0,0,0,0
3488,334,0,0,0,0,0,0
3489,334,0,0,0,0,0,0
3490,334,0,0,0,0,0,0
3491,334,0,0,0,0,0,0
3492,334,0,0,0,0,0,0
3493,334,0,0,0,0,0,0
3494,334,0,0,1,0,0,1
3495,334,0,0,0,0,0,0
3496,335,0,0,1,0,0,1
3497,335,0,0,0,0,0,0
3498,335,0,0,0,0,0,0
3499,335,0,1,0,0,0,1
3500,335,0,0,0,0,0,0
3501,335,0,0,0,0,0,0
3502,336,0,0,0,0,0,0
3503,336,0,0,0,0,0,0
3504,336,0,0,0,0,0,0
3505,336,1,1,1,0,0,1
3506,336,0,0,0,0,0,0
3507,336,0,1,0,1,0,1
3508,336,0,0,0,0,0,0
3509,336,0,0,0,0,0,0
3510,337,0,0,0,0,0,0
3511,337,0,0,0,0,0,0
3512,337,0,0,1,0,0,1
3513,337,0,1,0,0,0,1
3514,337,0,0,1,0,1,1
3515,337,0,1,0,0,0,1
3516,338,1,1,1,0,1,1
3517,338,0,0,0,0,1,1
3518,338,0,0,0,0,0,0
3519,338,0,0,0,0,0,0
3520,338,0,0,0,0,0,0
3521,338,0,0,0,0,0,0
3522,338,0,0,0,0,0,0
3523,338,0,0,0,0,0,0
3524,338,0,0,0,0,0,0
3525,339,0,0,0,0,0,0
3526,339,0,0,0,0,0,0
3527,339,0,0,0,0,0,0
3528,339,0,0,0,0,0,0
3529,339,0,0,0,0,0,0
3530,339,0,0,0,,0,0
3531,339,0,0,0,1,0,1
3532,339,0,0,0,0,0,0
3533,339,0,0,0,0,0,0
3534,339,0,0,0,0,0,0
3535,339,1,0,0,1,0,1
3536,340,0,0,0,0,0,0
3537,340,1,0,1,0,0,1
3538,340,0,0,1,0,0,1
3539,340,0,0,0,0,0,0
3540,340,0,0,0,0,0,0
3541,340,0,0,0,0,0,0
3542,340,0,0,0,0,0,0
3543,341,0,0,0,0,0,0
3544,341,0,0,0,0,0,0
3545,341,0,0,0,0,0,0
3546,341,0,1,0,0,1,1
3547,341,0,0,1,0,0,1
3548,341,1,1,0,0,0,1
3549,341,0,0,0,0,0,0
3550,341,0,0,0,0,0,0
3551,342,0,0,1,1,0,1
3552,342,0,0,0,0,0,0
3553,342,1,1,1,1,0,1
3554,342,0,0,0,0,0,0
3555,342,0,0,0,0,0,0
3556,343,0,0,0,0,0,0
3557,343,0,0,0,0,0,0
3558,343,0,0,0,0,0,0
3559,343,0,0,0,0,0,0
3560,343,0,0,0,0,0,0
3561,343,0,0,0,0,0,0
3562,344,0,1,0,0,0,1
3563,344,1,1,0,0,1,1
3564,344,0,0,1,0,0,1
3565,344,0,0,0,,0,0
3566,344,0,0,0,0,0,0
3567,344,0,0,0,0,0,0
3568,344,0,0,0,0,0,0
3569,345,0,0,0,0,0,0
3570,345,0,0,0,0,0,0
3571,345,0,0,0,0,0,0
3572,345,0,0,0,0,0,0
3573,345,0,1,0,0,0,1
3574,345,0,0,0,0,0,0
3575,345,0,0,0,0,0,0
3576,346,1,1,1,0,0,1
3577,346,0,0,0,0,0,0
3578,346,0,0,0,0,0,0
3579,346,0,0,0,0,0,0
3580,346,0,1,1,0,0,1
3581,346,0,0,0,0,0,0
3582,346,1,1,1,0,0,1
3583,346,0,0,0,0,0,0
3584,346,1,1,0,0,0,1
3585,346,0,0,0,0,0,0
3586,347,0,0,0,0,1,1
3587,347,0,0,0,0,0,0
3588,347,0,1,0,0,1,1
3589,347,0,0,0,0,0,0
3590,347,0,0,0,0,0,0
3591,347,0,0,0,0,0,0
3592,347,0,1,0,0,0,1
3593,347,0,0,0,0,0,0
3594,347,1,0,0,0,0,1
3595,347,1,1,1,0,0,1
3596,347,0,0,0,0,0,0
3597,347,0,0,0,0,0,0
3599,348,0,0,0,0,0,0
3600,348,0,0,0,0,0,0
3601,348,0,1,1,0,1,1
3602,348,0,0,0,0,0,0
3603,348,0,0,0,0,0,0
3604,348,0,0,0,0,0,0
3605,348,0,0,0,0,0,0
3606,348,0,0,0,0,0,0
3607,349,0,0,0,0,0,0
3608,349,0,0,0,0,0,0
3609,349,0,0,0,0,0,0
3610,349,0,0,0,0,0,0
3611,349,0,0,0,0,0,0
3612,349,0,0,0,0,0,0
3613,350,0,0,0,0,0,0
3614,350,0,0,0,0,0,0
3615,350,0,0,0,0,0,0
3616,350,0,0,0,0,0,0
3617,350,0,0,0,0,0,0
3618,350,0,0,0,0,0,0
3619,350,0,0,0,0,0,0
3620,350,0,0,0,1,0,1
3621,350,1,1,1,1,1,1
3622,350,0,0,0,0,0,0
3623,350,0,0,0,0,0,0
3624,351,0,0,0,0,0,0
3625,351,1,0,0,0,0,1
3626,351,1,1,0,0,0,1
3627,351,0,0,0,0,0,0
3628,351,1,0,0,0,0,1
3629,351,0,0,0,0,0,0
3630,351,0,1,0,1,0,1
3631,351,1,1,1,1,1,1
3632,352,0,0,0,0,0,0
3633,352,0,0,0,0,0,0
3634,352,0,0,0,0,0,0
3635,352,1,1,1,0,1,1
3636,352,0,0,0,0,0,0
3637,352,0,0,,,0,0
3638,353,0,0,0,0,0,0
3639,353,0,0,0,0,0,0
3640,353,0,0,0,0,0,0
3641,353,0,0,0,0,0,0
3642,353,0,0,0,0,0,0
3643,353,0,0,0,0,0,0
3644,353,0,0,0,0,0,0
3645,354,0,0,0,0,0,0
3646,354,0,0,0,0,0,0
3647,354,0,0,0,0,0,0
3648,354,0,0,0,0,0,0
3649,354,0,0,0,0,0,0
3650,354,0,0,0,0,0,0
3651,354,0,0,0,0,0,0
3652,354,0,0,0,0,0,0
3653,354,0,0,0,0,0,0
3654,354,0,0,0,0,0,0
3655,354,0,0,0,0,0,0
3656,355,1,1,1,1,1,1
3657,355,0,0,0,0,0,0
3658,355,0,1,0,1,0,1
3659,355,0,0,0,0,0,0
3660,355,0,0,0,0,0,0
3661,355,0,0,0,0,0,0
3662,355,0,0,0,0,0,0
3663,355,0,0,0,0,0,0
3664,355,0,0,0,0,0,0
3665,355,0,0,0,0,0,0
3666,355,1,1,0,1,1,1
3667,355,1,0,0,0,0,1
3668,355,0,0,0,0,0,0
3669,355,0,0,0,0,0,0
3670,355,0,0,0,0,0,0
3671,355,0,0,0,0,0,0
3672,355,0,1,1,0,0,1
3673,355,0,0,0,0,0,0
3674,355,0,0,0,0,0,0
3675,355,0,0,0,0,0,0
3676,355,0,0,0,0,0,0
3677,356,0,0,0,0,0,0
3678,356,0,0,0,0,0,0
3679,356,0,0,0,0,0,0
3680,356,0,0,0,0,0,0
3681,356,0,0,0,0,0,0
3682,356,0,0,0,0,0,0
3683,356,0,0,0,0,0,0
3684,356,0,0,0,0,0,0
3685,357,0,0,0,0,0,0
3686,357,0,0,0,0,0,0
3687,357,1,0,0,0,0,1
3688,357,0,0,0,0,0,0
3689,357,0,0,0,0,0,0
3690,357,0,0,0,0,0,0
3691,357,0,0,0,0,0,0
3692,357,0,0,0,0,0,0
3693,357,0,0,0,0,0,0
3694,357,0,0,0,0,0,0
3695,357,0,0,0,0,0,0
3696,357,0,0,0,0,0,0
3697,357,0,0,0,0,0,0
3698,357,0,0,0,0,0,0
3699,357,0,0,0,0,0,0
3700,357,0,0,0,0,0,0
3701,358,0,0,0,0,0,0
3702,358,0,0,0,0,0,0
3703,358,0,0,0,0,0,0
3704,358,0,0,0,0,0,0
3705,358,0,0,0,0,0,0
3706,358,0,0,0,0,0,0
3707,358,0,0,0,0,0,0
3708,358,0,0,0,0,0,0
3709,358,0,0,0,0,0,0
3710,359,0,0,0,0,0,0
3711,359,0,0,0,0,0,0
3712,359,0,0,0,0,0,0
3713,359,0,0,0,0,0,0
3714,359,0,0,0,0,0,0
3715,359,1,1,1,1,1,1
3716,359,0,0,0,0,0,0
3717,359,0,0,0,0,0,0
3718,359,0,0,0,0,0,0
3719,359,0,0,0,0,0,0
3720,360,0,0,0,0,0,0
3721,360,0,0,0,0,0,0
3722,360,0,0,0,0,0,0
3723,360,0,0,0,0,0,0
3724,360,0,0,0,0,0,0
3725,360,0,0,0,0,0,0
3726,360,0,0,0,0,0,0
3727,360,1,1,1,1,0,1
3728,360,0,0,0,0,0,0
3729,360,0,0,0,0,0,0
3730,360,0,0,0,0,0,0
3731,360,0,0,0,0,0,0
3732,360,0,0,0,0,0,0
3733,360,0,0,0,0,0,0
3734,360,0,0,0,0,0,0
3735,360,0,0,0,0,0,0
3736,360,0,0,0,0,0,0
3737,361,0,0,0,0,0,0
3738,361,0,0,0,0,0,0
3739,361,0,0,0,0,0,0
3740,361,0,0,0,0,0,0
3741,361,0,0,0,0,0,0
3742,361,0,0,0,0,0,0
3743,361,0,0,0,0,0,0
3744,361,1,0,0,0,0,1
3745,361,0,0,0,0,0,0
3746,361,0,0,0,0,0,0
3747,361,0,0,0,0,0,0
3748,361,0,0,0,0,0,0
3749,361,0,0,0,0,0,0
3750,362,0,0,0,0,0,0
3751,362,0,0,0,0,0,0
3752,362,0,0,0,0,0,0
3753,362,0,0,0,0,0,0
3754,362,0,0,0,0,0,0
3755,362,0,0,0,0,0,0
3756,362,0,0,0,0,0,0
3757,363,0,0,0,0,0,0
3758,363,0,0,0,0,0,0
3759,363,0,0,0,0,0,0
3760,363,0,0,0,0,0,0
3761,363,0,0,0,0,0,0
3762,363,0,0,0,0,0,0
3763,363,0,0,0,0,0,0
3764,363,0,0,0,0,0,0
3765,363,0,0,0,0,0,0
3766,363,0,0,0,0,0,0
3767,363,0,0,0,0,0,0
3768,363,0,0,0,1,0,1
3769,363,0,0,0,0,0,0
3770,364,0,0,0,0,0,0
3771,364,1,1,1,0,0,1
3772,364,0,0,0,0,0,0
3773,364,0,0,0,0,0,0
3774,364,0,0,0,0,0,0
3775,364,0,0,1,0,0,1
3776,364,1,1,1,0,0,1
3777,364,0,0,0,0,0,0
3778,364,1,1,1,0,0,1
3779,365,0,0,0,0,0,0
3780,365,0,0,0,0,0,0
3781,365,1,1,1,1,1,1
3782,365,0,0,1,1,1,1
3783,365,0,0,0,0,0,0
3784,365,0,0,0,0,0,0
3785,365,0,0,0,0,0,0
3786,365,0,0,0,0,0,0
3787,365,1,1,1,0,1,1
3788,365,1,1,1,0,0,1
3789,366,0,0,0,0,0,0
3790,366,0,0,0,0,0,0
3791,366,0,0,0,0,0,0
3792,366,0,0,0,0,0,0
3793,366,0,0,0,0,0,0
3794,366,0,0,0,0,0,0
3795,366,0,0,0,0,0,0
3796,366,0,0,0,0,0,0
3797,366,0,0,0,0,0,0
3798,366,0,0,0,0,0,0
3799,367,0,0,0,0,0,0
3800,367,0,0,0,0,0,0
3801,367,0,0,0,0,0,0
3802,367,0,0,0,0,0,0
3803,367,0,0,0,0,0,0
3804,367,0,0,0,0,0,0
3805,368,0,0,0,0,0,0
3806,368,0,0,0,0,0,0
3807,368,0,0,0,0,0,0
3808,368,0,0,0,0,0,0
3809,368,0,0,0,0,0,0
3810,368,0,0,0,0,0,0
3811,368,0,0,0,0,0,0
3812,368,0,0,0,0,0,0
3813,368,0,0,0,0,0,0
3814,368,0,0,0,0,0,0
3815,368,0,0,0,0,0,0
3816,368,0,0,0,0,0,0
3817,368,0,0,0,0,0,0
3818,368,0,0,0,0,0,0
3819,369,0,0,0,0,0,0
3820,369,0,0,0,0,0,0
3821,369,0,0,0,0,0,0
3822,369,0,0,0,0,0,0
3823,369,0,0,0,0,0,0
3824,369,0,0,0,0,0,0
3825,369,0,0,0,0,0,0
3826,369,0,0,0,0,0,0
3827,370,0,0,0,0,0,0
3828,370,0,0,0,0,0,0
3829,370,0,0,0,0,0,0
3830,370,0,0,0,0,0,0
3831,370,0,0,0,0,0,0
3832,370,0,0,0,0,0,0
3833,370,0,0,0,0,0,0
3834,370,0,0,0,0,0,0
3835,370,0,0,0,0,0,0
3836,370,0,0,0,0,0,0
3837,371,0,0,0,0,0,0
3838,371,0,0,0,0,0,0
3839,371,0,0,0,0,0,0
3840,371,0,0,0,0,0,0
3841,372,0,0,0,0,0,0
3842,372,0,0,0,0,0,0
3843,372,0,1,1,0,0,1
3844,372,0,0,0,0,0,0
3845,372,0,0,0,0,0,0
3846,372,0,0,0,0,0,0
3847,372,0,1,0,0,0,1
3848,372,0,0,0,0,0,0
3849,372,1,1,1,0,0,1
3850,372,0,1,1,0,1,1
3851,372,0,1,1,0,1,1
3852,372,0,0,0,0,0,0
3853,373,0,0,0,0,0,0
3854,373,0,0,0,0,0,0
3855,373,0,0,0,0,0,0
3856,373,0,0,0,0,0,0
3857,373,0,0,0,0,0,0
3858,373,0,0,0,0,0,0
3859,373,0,0,0,0,0,0
3860,374,0,1,0,0,0,1
3861,374,0,1,0,1,0,1
3862,374,1,1,1,0,1,1
3863,374,1,1,1,0,1,1
3864,374,0,0,0,0,0,0
3865,374,0,0,0,0,0,0
3866,375,0,0,0,0,0,0
3867,375,0,0,0,0,0,0
3868,375,0,0,0,0,0,0
3869,375,0,0,0,0,0,0
3870,375,0,0,0,0,0,0
3871,375,0,0,0,0,0,0
3872,375,0,0,0,0,0,0
3873,375,0,0,0,0,0,0
3874,375,0,0,0,0,0,0
3875,375,0,0,0,0,0,0
3876,376,0,0,0,0,0,0
3877,376,0,0,0,0,0,0
3878,376,0,0,1,1,0,1
3879,376,1,1,1,0,0,1
3880,376,0,1,0,1,0,1
3881,376,1,1,1,1,0,1
3882,376,0,1,1,1,0,1
3883,376,0,0,0,0,0,0
3884,376,0,0,0,0,0,0
3885,377,0,0,0,0,0,0
3886,377,0,0,0,0,0,0
3887,377,0,0,0,0,0,0
3888,377,0,0,0,0,0,0
3889,377,0,0,0,0,0,0
3890,377,0,0,0,0,0,0
3891,377,0,0,0,0,0,0
3892,377,0,0,0,0,0,0
3893,377,0,0,0,0,0,0
3894,377,0,0,0,0,0,0
3895,377,1,0,0,0,0,1
3896,377,0,0,0,0,0,0
3897,377,0,1,1,0,0,1
3898,377,1,1,1,0,1,1
3899,378,0,0,0,0,0,0
3900,378,,0,0,0,0,0
3901,378,0,0,0,0,0,0
3902,378,0,0,0,0,0,0
3903,378,0,0,0,0,0,0
3904,378,0,0,0,0,0,0
3905,378,0,0,0,0,0,0
3906,378,0,0,0,0,0,0
3907,378,0,0,0,0,0,0
3908,379,0,0,0,0,0,0
3909,379,0,0,0,0,0,0
3910,379,0,0,0,0,0,0
3911,379,0,0,0,0,0,0
3912,379,0,0,0,0,0,0
3913,379,0,0,0,0,0,0
3915,379,0,0,0,0,0,0
3916,379,0,0,0,0,0,0
3917,379,0,0,0,0,0,0
3918,379,0,0,0,0,0,0
3919,380,1,1,1,1,1,1
3920,380,0,0,0,0,0,0
3921,380,0,0,0,0,0,0
3922,380,0,0,0,0,0,0
3923,380,0,0,0,0,0,0
3924,381,0,0,0,0,0,0
3925,381,1,1,1,0,1,1
3926,381,1,1,1,1,1,1
3927,381,0,0,0,0,0,0
3928,381,0,0,0,0,0,0
3929,381,0,0,0,0,0,0
3930,381,0,0,0,0,0,0
3931,381,0,0,0,0,0,0
3932,381,0,0,0,0,0,0
3933,381,0,0,0,0,0,0
3934,381,0,0,0,0,0,0
3935,382,0,0,0,0,0,0
3936,382,0,0,0,0,0,0
3937,382,0,0,0,0,0,0
3938,382,0,0,0,0,0,0
3939,382,0,0,0,0,0,0
3940,382,0,0,0,0,0,0
3941,383,0,1,0,0,0,1
3942,383,0,0,0,0,0,0
3943,383,0,0,0,0,0,0
3944,383,0,1,0,0,0,1
3945,383,1,0,0,0,0,1
3946,383,0,0,0,0,0,0
3947,383,0,0,0,0,0,0
3948,383,0,0,0,0,0,0
3949,383,0,0,0,0,0,0
3950,384,0,0,0,0,0,0
3951,384,0,0,0,0,0,0
3952,384,0,0,0,0,0,0
3953,384,0,0,0,0,0,0
3954,384,0,0,0,0,0,0
3955,384,0,0,0,0,0,0
3956,384,0,0,0,0,0,0
3957,384,0,0,0,0,0,0
3958,384,0,0,0,0,0,0
3959,385,0,0,0,0,0,0
3960,385,0,0,0,0,0,0
3961,385,0,0,0,0,0,0
3962,385,0,0,0,0,0,0
3963,385,0,0,0,0,0,0
3964,385,0,0,0,0,0,0
3965,385,0,0,0,0,0,0
3966,385,0,0,0,0,0,0
3967,385,0,0,0,0,0,0
3968,385,0,0,0,0,0,0
3969,386,0,0,0,0,0,0
3970,386,0,0,0,0,0,0
3971,386,0,0,0,0,0,0
3972,386,0,0,0,0,0,0
3973,386,0,0,0,0,0,0
3974,386,0,0,0,0,0,0
3975,386,0,0,0,0,0,0
3976,386,0,0,0,0,0,0
3977,386,0,1,0,0,1,1
3978,386,0,0,0,0,0,0
3979,386,0,0,0,0,0,0
3980,386,0,0,0,0,0,0
3981,386,1,1,0,1,0,1
3982,386,0,0,0,0,0,0
3983,386,0,0,0,0,0,0
3984,386,0,0,0,0,0,0
3985,387,0,0,0,0,0,0
3986,387,0,0,0,0,0,0
3987,387,0,0,0,0,0,0
3988,387,0,0,0,0,0,0
3989,387,1,0,0,0,0,1
3990,387,0,0,0,0,0,0
3991,387,0,0,0,0,0,0
3992,387,1,1,1,1,0,1
3993,388,0,0,0,0,0,0
3994,388,0,0,0,0,0,0
3995,388,1,1,1,1,0,1
3996,388,0,0,0,0,0,0
3997,388,0,1,0,0,0,1
3998,389,0,0,0,1,0,1
3999,389,0,0,0,0,0,0
4000,389,0,0,0,0,0,0
4001,389,0,0,0,0,0,0
4002,389,0,0,0,0,0,0
4003,389,0,0,0,0,0,0
4004,389,0,0,0,0,0,0
4005,389,0,0,0,0,0,0
4006,390,0,0,0,0,0,0
4007,390,0,0,0,0,0,0
4008,390,0,0,0,0,0,0
4009,390,0,0,0,0,0,0
4010,390,0,0,0,0,0,0
4011,390,0,0,0,0,0,0
4012,390,0,0,0,0,0,0
4013,390,0,0,0,0,0,0
4014,391,0,0,0,0,0,0
4015,391,0,1,0,1,0,1
4016,391,1,1,0,1,0,1
4017,391,0,0,0,0,0,0
4018,391,0,0,0,0,0,0
4019,391,0,0,0,0,0,0
4020,391,0,0,0,0,0,0
4021,391,0,1,0,0,0,1
4022,392,0,0,0,0,0,0
4023,392,0,0,1,0,0,1
4024,392,0,0,0,1,0,1
4025,392,0,0,0,0,0,0
4026,392,0,0,0,0,0,0
4027,392,0,0,0,0,0,0
4028,392,0,0,0,0,0,0
4029,392,0,0,0,0,0,0
4030,392,0,0,0,0,0,0
4031,392,0,0,0,0,0,0
4032,392,0,0,0,0,0,0
4033,392,0,0,0,0,0,0
4034,392,0,0,0,0,0,0
4035,392,0,0,0,0,0,0
4036,392,0,0,0,0,0,0
4037,392,0,1,0,0,0,1
4038,392,0,0,1,0,0,1
4039,392,0,0,0,0,0,0
4040,392,0,1,0,0,0,1
4041,393,0,0,0,0,0,0
4042,393,0,0,0,0,0,0
4043,393,0,0,0,0,0,0
4044,393,0,0,0,0,0,0
4045,393,0,0,0,0,0,0
4046,393,0,0,0,0,0,0
4047,393,0,0,0,0,0,0
4048,393,0,0,0,0,0,0
4049,394,0,0,0,0,0,0
4050,394,0,0,0,0,0,0
4051,394,0,0,0,0,0,0
4052,394,0,0,0,0,0,0
4053,394,0,0,0,0,0,0
4054,394,0,0,0,0,0,0
4055,394,0,0,0,0,0,0
4056,394,0,0,0,0,0,0
4057,394,0,0,0,0,0,0
4058,394,0,0,0,0,0,0
4059,395,0,0,0,0,0,0
4060,395,0,0,0,0,0,0
4061,395,0,0,0,0,0,0
4062,395,0,0,0,0,0,0
4063,395,0,0,0,0,0,0
4064,395,0,0,0,0,0,0
4065,395,0,0,0,0,0,0
4066,395,0,0,0,0,0,0
4067,395,0,0,0,0,0,0
4068,395,0,0,0,0,0,0
4069,395,0,0,0,0,0,0
4070,395,0,0,0,0,0,0
4071,395,0,0,0,0,0,0
4072,396,0,0,0,0,0,0
4073,396,0,0,0,0,0,0
4074,396,0,0,0,0,0,0
4075,396,0,0,0,0,0,0
4076,396,0,0,0,0,0,0
4077,397,0,0,0,0,0,0
4078,397,0,0,0,0,0,0
4079,397,0,0,0,0,0,0
4080,397,0,0,0,0,0,0
4081,397,0,0,0,0,0,0
4082,397,0,0,0,0,0,0
4083,397,0,0,0,0,0,0
4084,397,0,0,0,0,0,0
4085,398,0,0,0,0,0,0
4086,398,0,0,0,0,0,0
4087,398,0,0,0,0,0,0
4088,398,0,0,0,0,0,0
4089,398,0,0,0,1,0,1
4090,398,0,0,0,0,0,0
4091,398,0,0,0,0,0,0
4092,398,1,1,0,0,0,1
4093,398,0,0,0,0,0,0
4094,398,0,0,0,0,0,0
4095,398,0,0,0,0,0,0
4096,399,0,0,0,0,0,0
4097,399,0,0,0,0,0,0
4098,399,0,0,0,0,0,0
4099,399,0,0,0,0,0,0
4100,399,0,0,0,0,0,0
4101,399,0,0,0,0,0,0
4102,399,0,0,0,0,0,0
4103,399,0,0,0,0,0,0
4104,399,0,0,0,0,0,0
4105,399,0,0,0,0,0,0
4106,399,0,0,0,0,0,0
4107,399,0,0,0,0,0,0
4108,399,0,0,0,0,0,0
4109,400,0,0,0,0,0,0
4110,400,0,0,0,0,0,0
4111,400,0,0,0,0,0,0
4112,400,0,0,0,0,0,0
4113,400,0,0,0,0,0,0
4114,400,0,0,0,0,0,0
4115,400,1,0,0,0,0,1
4116,400,1,1,1,0,0,1
4117,400,0,0,0,1,0,1
4118,400,0,1,1,1,0,1
4119,400,0,0,0,0,0,0
4120,401,0,0,0,0,0,0
4121,401,0,0,0,0,0,0
4122,401,0,0,0,0,0,0
4123,401,0,0,0,0,0,0
4124,401,0,0,0,0,0,0
4125,401,0,0,1,0,0,1
4126,401,0,0,1,1,0,1
4127,401,1,1,0,1,0,1
4128,401,0,0,0,0,0,0
4129,402,0,0,0,0,0,0
4130,402,1,1,0,0,1,1
4131,402,0,0,0,0,0,0
4132,402,0,0,0,0,0,0
4133,402,0,0,0,0,0,0
4134,402,0,0,0,0,0,0
4135,402,0,0,0,0,0,0
4136,402,0,0,0,0,0,0
4137,402,0,0,0,0,0,0
4138,402,0,0,0,0,0,0
4139,402,0,0,0,0,0,0
4140,402,0,0,0,0,0,0
4141,402,0,0,0,0,0,0
4142,403,0,0,0,0,0,0
4143,403,0,0,0,0,0,0
4144,403,0,0,0,0,0,0
4145,403,0,0,0,0,0,0
4146,403,0,0,0,0,0,0
4147,403,0,0,0,0,0,0
4148,403,0,0,0,0,0,0
4149,403,0,0,0,0,0,0
4150,403,0,0,0,0,0,0
4151,403,0,0,0,0,0,0
4152,403,0,0,0,0,0,0
4153,404,0,0,0,0,0,0
4154,404,0,0,0,0,0,0
4155,404,1,0,0,1,0,1
4156,404,0,0,0,0,0,0
4157,404,0,0,0,0,0,0
4158,404,0,0,0,0,0,0
4159,404,0,0,0,0,0,0
4160,404,0,0,0,0,0,0
4161,404,0,0,0,0,0,0
4162,404,0,0,0,0,0,0
4163,405,0,0,0,0,0,0
4164,405,0,0,0,0,0,0
4165,405,0,0,0,0,0,0
4166,405,0,0,0,0,0,0
4167,405,0,0,0,0,0,0
4168,405,0,0,0,0,0,0
4169,405,0,0,0,0,0,0
4170,406,0,0,0,0,0,0
4171,406,0,0,0,0,0,0
4172,406,0,0,0,0,0,0
4173,406,0,0,1,1,0,1
4174,406,0,0,0,0,0,0
4175,406,1,1,1,0,0,1
4176,406,0,0,0,0,0,0
4177,406,0,0,0,0,0,0
4178,406,0,0,0,0,0,0
4179,406,0,0,0,0,0,0
4180,406,0,0,0,0,0,0
4181,406,0,0,0,0,0,0
4182,406,0,0,0,0,0,0
4183,407,0,0,0,0,0,0
4184,407,0,0,0,0,0,0
4185,407,0,0,0,0,0,0
4186,407,0,0,0,0,0,0
4187,407,1,0,0,0,1,1
4188,407,0,0,0,0,0,0
4189,408,0,0,0,0,0,0
4190,408,0,0,0,0,0,0
4191,408,0,0,0,0,0,0
4192,408,0,0,0,0,0,0
4193,408,0,0,0,0,0,0
4194,408,0,0,0,0,0,0
4195,408,0,0,0,0,0,0
4196,408,0,0,0,0,0,0
4197,408,0,0,0,0,0,0
4198,408,0,0,0,0,0,0
4199,408,0,0,0,0,0,0
4200,409,0,0,0,0,0,0
4201,409,0,0,0,0,0,0
4202,409,0,0,0,0,0,0
4203,409,0,0,0,0,0,0
4204,409,0,0,0,0,0,0
4205,409,0,0,0,0,0,0
4206,409,0,0,0,0,0,0
4207,409,0,0,0,0,0,0
4208,410,0,0,0,0,0,0
4209,410,0,0,0,0,0,0
4210,410,0,0,0,0,0,0
4211,410,0,0,0,0,0,0
4212,411,0,0,0,0,0,0
4213,411,0,0,1,0,0,1
4214,411,0,0,0,0,0,0
4215,411,0,0,0,0,0,0
4216,411,0,0,0,0,0,0
4217,411,0,0,0,0,0,0
4218,411,0,0,0,0,0,0
4219,411,0,0,0,0,0,0
4220,411,0,0,0,0,0,0
4221,411,0,0,0,0,0,0
4222,412,0,0,0,0,0,0
4223,412,0,0,0,0,0,0
4224,412,0,0,0,0,0,0
4225,412,0,0,0,0,0,0
4226,412,0,0,0,0,0,0
4227,412,0,0,0,0,0,0
4228,412,0,0,0,0,0,0
4229,412,0,0,0,0,0,0
4230,412,0,0,0,0,0,0
4231,412,0,0,0,0,0,0
4232,412,0,0,0,0,0,0
4233,413,1,1,1,0,0,1
4234,413,0,0,0,0,0,0
4235,413,0,0,0,0,0,0
4236,413,0,1,0,0,1,1
4237,413,1,1,1,1,1,1
4238,413,0,1,0,0,0,1
4239,413,0,0,0,0,0,0
4240,413,1,1,1,1,1,1
4241,413,0,0,0,0,0,0
4242,413,1,1,1,0,0,1
4243,414,0,0,0,0,0,0
4244,414,0,0,0,0,0,0
4245,414,0,0,0,0,0,0
4246,414,0,0,0,0,0,0
4247,414,0,0,0,0,0,0
4248,414,0,0,0,0,0,0
4249,414,0,0,0,0,0,0
4250,414,0,0,0,0,0,0
4251,414,0,0,0,0,0,0
4252,414,0,0,0,0,0,0
4253,414,0,0,0,0,0,0
4254,414,0,0,0,0,0,0
4255,415,0,0,0,0,0,0
4256,415,0,0,0,0,0,0
4257,415,0,0,0,0,0,0
4258,415,0,0,0,0,0,0
4259,415,0,0,0,0,0,0
4260,415,0,0,0,0,0,0
4261,415,0,0,0,0,0,0
4262,415,0,0,0,0,0,0
4263,415,0,0,0,0,0,0
4264,415,0,0,0,0,0,0
4265,415,0,0,0,0,0,0
4266,415,0,0,0,0,0,0
4267,415,0,0,0,0,0,0
4268,415,0,0,0,0,0,0
4269,415,0,0,0,0,0,0
4270,415,0,0,0,0,0,0
4271,416,0,0,0,0,0,0
4272,416,0,0,0,0,0,0
4273,416,0,0,0,0,0,0
4274,416,0,0,0,0,0,0
4275,416,0,0,0,0,0,0
4276,416,0,0,0,0,0,0
4277,416,0,1,0,0,0,1
4278,416,1,1,1,1,0,1
4279,416,0,0,0,0,0,0
4280,417,0,0,0,1,0,1
4281,417,1,1,0,0,1,1
4282,417,1,1,0,1,0,1
4283,417,1,1,1,1,0,1
4284,417,1,1,0,1,0,1
4285,417,1,1,0,0,0,1
4286,417,1,1,1,1,0,1
4287,417,0,0,0,0,0,0
4288,417,0,0,0,0,0,0
4289,417,0,0,0,1,0,1
4290,417,0,0,0,1,0,1
4291,417,0,0,0,1,0,1
4292,417,1,1,1,1,1,1
4293,417,1,1,0,0,0,1
4294,417,0,0,0,0,0,0
4295,417,1,1,1,0,0,1
4296,418,0,0,0,0,0,0
4297,418,0,0,0,0,0,0
4298,418,0,0,0,0,0,0
4299,418,0,0,0,0,0,0
4300,418,0,0,0,0,0,0
4301,418,1,0,1,1,0,1
4302,418,0,0,0,0,0,0
4303,418,0,0,0,0,0,0
4304,418,0,0,0,0,0,0
4305,418,0,0,0,0,0,0
4306,418,0,0,0,0,0,0
4307,418,0,0,0,0,0,0
4308,418,0,0,0,0,0,0
4309,418,0,0,0,0,0,0
4310,418,1,0,0,1,0,1
4311,419,0,0,0,0,0,0
4312,419,0,0,0,0,1,1
4313,419,0,0,0,0,0,0
4314,419,0,0,0,0,0,0
4315,419,0,0,0,0,0,0
4316,419,0,0,0,0,0,0
4317,419,0,0,0,0,0,0
4318,419,0,0,0,0,0,0
4319,419,0,0,0,0,0,0
4320,420,0,0,0,0,0,0
4321,420,0,0,0,0,0,0
4322,420,0,0,0,0,0,0
4323,420,0,0,0,0,0,0
4324,420,0,0,0,0,0,0
4325,420,0,0,0,0,0,0
4326,420,0,0,0,0,0,0
4327,420,0,0,0,0,0,0
4328,420,0,0,0,0,0,0
4329,420,0,0,0,0,0,0
4330,420,0,0,0,0,0,0
4331,421,0,0,0,0,0,0
4332,421,0,0,0,0,0,0
4333,421,0,0,0,0,0,0
4334,421,0,0,0,0,0,0
4335,421,0,0,0,0,0,0
4336,421,0,0,0,0,0,0
4337,421,0,0,0,0,0,0
4338,421,0,0,0,0,0,0
4339,421,0,0,0,0,0,0
4340,421,0,0,0,0,0,0
4341,421,0,0,0,0,0,0
4342,422,0,0,0,0,0,0
4343,422,0,0,0,0,0,0
4344,422,0,0,0,0,0,0
4345,422,0,0,0,1,0,1
4346,422,1,1,1,1,1,1
4347,422,0,0,0,0,0,0
4348,422,0,1,0,0,0,1
4349,422,0,0,0,1,0,1
4350,422,0,1,1,0,0,1
4351,422,0,0,0,0,0,0
4352,422,0,0,0,0,0,0
4353,422,1,1,0,0,1,1
4354,423,0,0,0,0,0,0
4355,423,0,0,0,0,0,0
4356,423,0,0,0,0,0,0
4357,423,0,0,1,0,0,1
4358,423,0,1,0,0,0,1
4359,424,0,0,0,0,0,0
4360,424,0,0,0,0,0,0
4361,424,0,0,0,0,0,0
4362,424,1,1,1,0,1,1
4363,424,0,0,0,0,0,0
4364,424,0,0,0,0,0,0
4365,424,0,0,0,0,0,0
4366,425,0,0,0,0,0,0
4367,425,0,0,0,0,0,0
4368,425,0,0,0,0,0,0
4369,425,1,0,0,0,0,1
4370,425,0,0,0,0,0,0
4371,425,1,1,0,0,0,1
4372,425,0,0,0,0,0,0
4373,425,0,0,0,0,0,0
4374,425,0,0,0,0,0,0
4375,425,0,0,0,0,0,0
4376,426,0,1,0,0,0,1
4377,426,0,0,0,0,0,0
4378,426,0,0,0,0,0,0
4379,426,0,0,0,1,0,1
4380,426,0,0,0,0,0,0
4381,426,0,0,0,0,0,0
4382,426,0,0,0,0,0,0
4383,427,0,0,0,0,0,0
4384,427,0,0,0,0,0,0
4385,427,0,0,1,0,0,1
4386,427,0,0,0,0,0,0
4387,427,0,0,0,0,0,0
4388,427,0,0,0,0,0,0